329,,,,,,,";CO MILL SEAL PRESSURE ERROR",,"TRIAL","NA","0","NA","NA","RMG-100L-2-PVII","RMG-100L-2-PVII","2024-09-17 17:08:18.9010000","STOP",,,,"2024-09-17 22:38:17"
330,,,,,,,";CO MILL SEAL PRESSURE ERROR",,"TRIAL","NA","0","NA","NA","RMG-100L-2-PVII","RMG-100L-2-PVII","2024-09-17 17:08:48.8670000","STOP",,,,"2024-09-17 22:38:47"
331,,,,,,,";CO MILL SEAL PRESSURE ERROR",,"TRIAL","NA","0","NA","NA","RMG-100L-2-PVII","RMG-100L-2-PVII","2024-09-17 17:09:18.8820000","STOP",,,,"2024-09-17 22:39:17"
332,,,,,,,";CO MILL SEAL PRESSURE ERROR",,"TRIAL","NA","0","NA","NA","RMG-100L-2-PVII","RMG-100L-2-PVII","2024-09-17 17:09:48.9130000","STOP",,,,"2024-09-17 22:39:47"
165,,,,,,,";MAIN AIR PURGING MIN",,"NA","NA","1","NA","TRAIL","RMG-100L-2-PVII","RMG-100L-2-PVII","2024-05-18 05:15:26.3200000","STOP",,,,"2024-05-18 10:45:24"
333,,,,,,,";CO MILL SEAL PRESSURE ERROR",,"TRIAL","NA","0","NA","NA","RMG-100L-2-PVII","RMG-100L-2-PVII","2024-09-17 17:10:18.8940000","STOP",,,,"2024-09-17 22:40:17"
166,,,,,,,";MAIN AIR PURGING MIN",,"NA","NA","1","NA","TRAIL","RMG-100L-2-PVII","RMG-100L-2-PVII","2024-05-18 05:15:56.3100000","STOP",,,,"2024-05-18 10:45:54"
334,,,,,,,";CO MILL SEAL PRESSURE ERROR",,"TRIAL","NA","0","NA","NA","RMG-100L-2-PVII","RMG-100L-2-PVII","2024-09-17 17:10:48.9460000","STOP",,,,"2024-09-17 22:40:47"
167,,,,,,,";MAIN AIR PURGING MIN",,"NA","NA","1","NA","TRAIL","RMG-100L-2-PVII","RMG-100L-2-PVII","2024-05-18 05:16:26.3270000","STOP",,,,"2024-05-18 10:46:24"
335,,,,,,,";CO MILL SEAL PRESSURE ERROR",,"TRIAL","NA","0","NA","NA","RMG-100L-2-PVII","RMG-100L-2-PVII","2024-09-17 17:11:18.9200000","STOP",,,,"2024-09-17 22:41:17"
168,,,,,,,";MAIN AIR PURGING MIN",,"NA","NA","1","NA","TRAIL","RMG-100L-2-PVII","RMG-100L-2-PVII","2024-05-18 05:16:56.3510000","STOP",,,,"2024-05-18 10:46:54"
336,,,,,,,";CO MILL SEAL PRESSURE ERROR",,"TRIAL","NA","0","NA","NA","RMG-100L-2-PVII","RMG-100L-2-PVII","2024-09-17 17:11:48.9430000","STOP",,,,"2024-09-17 22:41:47"
169,,,,,,,";MAIN AIR PURGING MIN",,"NA","NA","1","NA","TRAIL","RMG-100L-2-PVII","RMG-100L-2-PVII","2024-05-18 05:17:26.3540000","STOP",,,,"2024-05-18 10:47:24"
337,,,,,,,";CO MILL SEAL PRESSURE ERROR",,"TRIAL","NA","0","NA","NA","RMG-100L-2-PVII","RMG-100L-2-PVII","2024-09-17 17:12:18.9240000","STOP",,,,"2024-09-17 22:42:17"
170,,,,,,,";MAIN AIR PURGING MIN",,"NA","NA","1","NA","TRAIL","RMG-100L-2-PVII","RMG-100L-2-PVII","2024-05-18 05:17:56.3570000","STOP",,,,"2024-05-18 10:47:54"
1,"1","1","","","","","","","","","","","","","","","","","","",""
338,,,,,,,";CO MILL SEAL PRESSURE ERROR",,"TRIAL","NA","0","NA","NA","RMG-100L-2-PVII","RMG-100L-2-PVII","2024-09-17 17:12:48.9540000","STOP",,,,"2024-09-17 22:42:47"
171,,,,,,,";MAIN AIR PURGING MIN",,"NA","NA","1","NA","TRAIL","RMG-100L-2-PVII","RMG-100L-2-PVII","2024-05-18 05:18:26.3730000","STOP",,,,"2024-05-18 10:48:24"
339,,,,,,,";CO MILL SEAL PRESSURE ERROR",,"TRIAL","NA","0","NA","NA","RMG-100L-2-PVII","RMG-100L-2-PVII","2024-09-17 17:13:18.9390000","STOP",,,,"2024-09-17 22:43:17"
172,,,,,,,";MAIN AIR PURGING MIN",,"NA","NA","1","NA","TRAIL","RMG-100L-2-PVII","RMG-100L-2-PVII","2024-05-18 05:18:56.3530000","STOP",,,,"2024-05-18 10:48:54"
2,,,,,,,"",,"ADG23001","50.00KG","1","SIDHANTH","TRAIL-01","RMG-100L-2-PVII","RMG-100L-2-PVII","2023-12-27 13:42:14.9300000","START",,,,"2023-12-27 12:47:47"
340,,,,,,,";CO MILL SEAL PRESSURE ERROR",,"TRIAL","NA","0","NA","NA","RMG-100L-2-PVII","RMG-100L-2-PVII","2024-09-17 17:13:49.0400000","STOP",,,,"2024-09-17 22:43:47"
173,,,,,,,";MAIN AIR PURGING MIN",,"NA","NA","1","NA","TRAIL","RMG-100L-2-PVII","RMG-100L-2-PVII","2024-05-18 05:19:26.3800000","STOP",,,,"2024-05-18 10:49:24"
3,,,,,,,"",,"ADG23001","50.00KG","1","SIDHANTH","TRAIL-01","RMG-100L-2-PVII","RMG-100L-2-PVII","2023-12-27 13:42:14.9680000","START",,,,"2023-12-27 12:47:48"
341,,,,,,,";CO MILL SEAL PRESSURE ERROR",,"TRIAL","NA","0","NA","NA","RMG-100L-2-PVII","RMG-100L-2-PVII","2024-09-17 17:14:18.9510000","STOP",,,,"2024-09-17 22:44:17"
174,,,,,,,";MAIN AIR PURGING MIN",,"NA","NA","1","NA","TRAIL","RMG-100L-2-PVII","RMG-100L-2-PVII","2024-05-18 05:19:56.4250000","STOP",,,,"2024-05-18 10:49:54"
4,,,,,,,"",,"ADG23001","50.00KG","1","SIDHANTH","TRAIL-01","RMG-100L-2-PVII","RMG-100L-2-PVII","2023-12-27 13:42:14.9930000","START",,,,"2023-12-27 12:47:49"
342,,,,,,,";CO MILL SEAL PRESSURE ERROR",,"TRIAL","NA","0","NA","NA","RMG-100L-2-PVII","RMG-100L-2-PVII","2024-09-17 17:14:48.9610000","STOP",,,,"2024-09-17 22:44:47"
175,,,,,,,";MAIN AIR PURGING MIN",,"NA","NA","1","NA","TRAIL","RMG-100L-2-PVII","RMG-100L-2-PVII","2024-05-18 05:20:26.3540000","STOP",,,,"2024-05-18 10:50:24"
5,,,,,,,"",,"ADG23001","50.00KG","1","SIDHANTH","TRAIL-01","RMG-100L-2-PVII","RMG-100L-2-PVII","2023-12-27 13:42:15.0180000","START",,,,"2023-12-27 13:14:04"
343,,,,,,,";CO MILL SEAL PRESSURE ERROR",,"TRIAL","NA","0","NA","NA","RMG-100L-2-PVII","RMG-100L-2-PVII","2024-09-17 17:15:18.9800000","STOP",,,,"2024-09-17 22:45:17"
176,,,,,,,";MAIN AIR PURGING MIN",,"NA","NA","1","NA","TRAIL","RMG-100L-2-PVII","RMG-100L-2-PVII","2024-05-18 05:20:56.4750000","STOP",,,,"2024-05-18 10:50:54"
6,,,,,,,";EMERGENCY PRESSED",,"AJ23002","50.00KG","1","SIDHANTH","TRIAL 02","RMG-100L-2-PVII","RMG-100L-2-PVII","2023-12-27 13:42:15.0440000","START",,,,"2023-12-27 15:14:22"
344,,,,,,,";CO MILL SEAL PRESSURE ERROR",,"TRIAL","NA","0","NA","NA","RMG-100L-2-PVII","RMG-100L-2-PVII","2024-09-17 17:15:49.0140000","STOP",,,,"2024-09-17 22:45:47"
177,,,,,,,";MAIN AIR PURGING MIN",,"NA","NA","1","NA","TRAIL","RMG-100L-2-PVII","RMG-100L-2-PVII","2024-05-18 05:21:26.4540000","STOP",,,,"2024-05-18 10:51:24"
7,,,,,,,";EMERGENCY PRESSED",,"AJ23002","50.00KG","1","SIDHANTH","TRIAL 02","RMG-100L-2-PVII","RMG-100L-2-PVII","2023-12-27 13:42:15.0730000","START",,,,"2023-12-27 15:14:25"
345,,,,,,,";CO MILL SEAL PRESSURE ERROR",,"TRIAL","NA","0","NA","NA","RMG-100L-2-PVII","RMG-100L-2-PVII","2024-09-17 17:16:18.9910000","STOP",,,,"2024-09-17 22:46:17"
178,,,,,,,";MAIN AIR PURGING MIN",,"NA","NA","1","NA","TRAIL","RMG-100L-2-PVII","RMG-100L-2-PVII","2024-05-18 05:21:56.3790000","STOP",,,,"2024-05-18 10:51:54"
346,,,,,,,";CO MILL SEAL PRESSURE ERROR",,"TRIAL","NA","0","NA","NA","RMG-100L-2-PVII","RMG-100L-2-PVII","2024-09-17 17:16:48.9940000","STOP",,,,"2024-09-17 22:46:47"
8,,,,,,,";EMERGENCY PRESSED",,"AJ23002","50.00KG","1","SIDHANTH","TRIAL 02","RMG-100L-2-PVII","RMG-100L-2-PVII","2023-12-27 13:42:15.1010000","START",,,,"2023-12-27 15:14:28"
179,,,,,,,";MAIN AIR PURGING MIN",,"NA","NA","1","NA","TRAIL","RMG-100L-2-PVII","RMG-100L-2-PVII","2024-05-18 05:22:26.4090000","STOP",,,,"2024-05-18 10:52:24"
347,,,,,,,";CO MILL SEAL PRESSURE ERROR",,"TRIAL","NA","0","NA","NA","RMG-100L-2-PVII","RMG-100L-2-PVII","2024-09-17 17:17:19.0000000","STOP",,,,"2024-09-17 22:47:17"
9,,,,,,,";EMERGENCY PRESSED",,"AJ23002","50.00KG","1","SIDHANTH","TRIAL 02","RMG-100L-2-PVII","RMG-100L-2-PVII","2023-12-27 13:42:15.1250000","START",,,,"2023-12-27 15:14:31"
180,,,,,,,";MAIN AIR PURGING MIN",,"NA","NA","1","NA","TRAIL","RMG-100L-2-PVII","RMG-100L-2-PVII","2024-05-18 05:22:56.4320000","STOP",,,,"2024-05-18 10:52:54"
348,,,,,,,";CO MILL SEAL PRESSURE ERROR",,"TRIAL","NA","0","NA","NA","RMG-100L-2-PVII","RMG-100L-2-PVII","2024-09-17 17:17:49.0400000","STOP",,,,"2024-09-17 22:47:47"
181,,,,,,,";MAIN AIR PURGING MIN",,"NA","NA","1","NA","TRAIL","RMG-100L-2-PVII","RMG-100L-2-PVII","2024-05-18 05:23:26.4290000","STOP",,,,"2024-05-18 10:53:24"
349,,,,,,,";CO MILL SEAL PRESSURE ERROR",,"TRIAL","NA","0","NA","NA","RMG-100L-2-PVII","RMG-100L-2-PVII","2024-09-17 17:18:19.0660000","STOP",,,,"2024-09-17 22:48:17"
182,,,,,,,";MAIN AIR PURGING MIN",,"NA","NA","1","NA","TRAIL","RMG-100L-2-PVII","RMG-100L-2-PVII","2024-05-18 05:23:56.4190000","STOP",,,,"2024-05-18 10:53:54"
10,,,,,,,";EMERGENCY PRESSED",,"AJ23002","50.00KG","1","SIDHANTH","TRIAL 02","RMG-100L-2-PVII","RMG-100L-2-PVII","2023-12-27 13:42:15.1520000","START",,,,"2023-12-27 15:14:34"
350,,,,,,,";CO MILL SEAL PRESSURE ERROR",,"TRIAL","NA","0","NA","NA","RMG-100L-2-PVII","RMG-100L-2-PVII","2024-09-17 17:18:49.0070000","STOP",,,,"2024-09-17 22:48:47"
183,,,,,,,";MAIN AIR PURGING MIN",,"NA","NA","1","NA","TRAIL","RMG-100L-2-PVII","RMG-100L-2-PVII","2024-05-18 05:24:26.5830000","STOP",,,,"2024-05-18 10:54:24"
11,,,,,,,";EMERGENCY PRESSED",,"AJ23002","50.00KG","1","SIDHANTH","TRIAL 02","RMG-100L-2-PVII","RMG-100L-2-PVII","2023-12-27 13:42:15.1770000","START",,,,"2023-12-27 15:14:37"
351,,,,,,,";CO MILL SEAL PRESSURE ERROR",,"TRIAL","NA","0","NA","NA","RMG-100L-2-PVII","RMG-100L-2-PVII","2024-09-17 17:19:19.0120000","STOP",,,,"2024-09-17 22:49:17"
184,,,,,,,";MAIN AIR PURGING MIN",,"NA","NA","1","NA","TRAIL","RMG-100L-2-PVII","RMG-100L-2-PVII","2024-05-18 05:24:56.4540000","STOP",,,,"2024-05-18 10:54:54"
12,,,,,,,";EMERGENCY PRESSED",,"AJ23002","50.00KG","1","SIDHANTH","TRIAL 02","RMG-100L-2-PVII","RMG-100L-2-PVII","2023-12-27 13:42:15.2010000","START",,,,"2023-12-27 15:24:17"
352,,,,,,,";CO MILL SEAL PRESSURE ERROR",,"TRIAL","NA","0","NA","NA","RMG-100L-2-PVII","RMG-100L-2-PVII","2024-09-17 17:19:49.0120000","STOP",,,,"2024-09-17 22:49:47"
185,,,,,,,";MAIN AIR PURGING MIN",,"NA","NA","1","NA","TRAIL","RMG-100L-2-PVII","RMG-100L-2-PVII","2024-05-18 05:25:26.4800000","STOP",,,,"2024-05-18 10:55:24"
13,,,,,,,";EMERGENCY PRESSED",,"AJ23002","50.00KG","1","SIDHANTH","TRIAL 02","RMG-100L-2-PVII","RMG-100L-2-PVII","2023-12-27 13:42:15.2260000","START",,,,"2023-12-27 15:24:20"
353,,,,,,,";CO MILL SEAL PRESSURE ERROR",,"TRIAL","NA","0","NA","NA","RMG-100L-2-PVII","RMG-100L-2-PVII","2024-09-17 17:20:19.0620000","STOP",,,,"2024-09-17 22:50:17"
14,,,,,,,";EMERGENCY PRESSED",,"AJ23002","50.00KG","1","SIDHANTH","TRIAL 02","RMG-100L-2-PVII","RMG-100L-2-PVII","2023-12-27 13:42:15.2490000","START",,,,"2023-12-27 15:24:23"
354,,,,,,,";CO MILL SEAL PRESSURE ERROR",,"TRIAL","NA","0","NA","NA","RMG-100L-2-PVII","RMG-100L-2-PVII","2024-09-17 17:20:49.0320000","STOP",,,,"2024-09-17 22:50:47"
15,,,,,,,";EMERGENCY PRESSED",,"AJ23002","50.00KG","1","SIDHANTH","TRIAL 02","RMG-100L-2-PVII","RMG-100L-2-PVII","2023-12-27 13:42:15.2880000","START",,,,"2023-12-27 15:24:26"
186,,,,,,,";MAIN AIR PURGING MIN",,"NA","NA","1","NA","TRAIL","RMG-100L-2-PVII","RMG-100L-2-PVII","2024-05-18 05:25:56.4460000","STOP",,,,"2024-05-18 10:55:54"
355,,,,,,,";CO MILL SEAL PRESSURE ERROR",,"TRIAL","NA","0","NA","NA","RMG-100L-2-PVII","RMG-100L-2-PVII","2024-09-17 17:21:19.0970000","STOP",,,,"2024-09-17 22:51:17"
16,,,,,,,";EMERGENCY PRESSED",,"AJ23002","50.00KG","1","SIDHANTH","TRIAL 02","RMG-100L-2-PVII","RMG-100L-2-PVII","2023-12-27 13:42:15.3210000","START",,,,"2023-12-27 15:24:29"
356,,,,,,,";CO MILL SEAL PRESSURE ERROR",,"TRIAL","NA","0","NA","NA","RMG-100L-2-PVII","RMG-100L-2-PVII","2024-09-17 17:21:49.0620000","STOP",,,,"2024-09-17 22:51:47"
187,,,,,,,";MAIN AIR PURGING MIN",,"NA","NA","1","NA","TRAIL","RMG-100L-2-PVII","RMG-100L-2-PVII","2024-05-18 05:26:26.4820000","STOP",,,,"2024-05-18 10:56:24"
188,,,,,,,";MAIN AIR PURGING MIN",,"NA","NA","1","NA","TRAIL","RMG-100L-2-PVII","RMG-100L-2-PVII","2024-05-18 05:26:56.5250000","STOP",,,,"2024-05-18 10:56:54"
357,,,,,,,";CO MILL SEAL PRESSURE ERROR",,"TRIAL","NA","0","NA","NA","RMG-100L-2-PVII","RMG-100L-2-PVII","2024-09-17 17:22:19.0590000","STOP",,,,"2024-09-17 22:52:17"
17,,,,,,,";DISCHARGE NOT CLOSED",,"MA23003","100.00KG","0","VIN","TRIAL 03","RMG-100L-2-PVII","RMG-100L-2-PVII","2024-01-04 11:46:24.3660000","STOP",,,,"2024-01-04 17:16:21"
189,,,,,,,";MAIN AIR PURGING MIN",,"NA","NA","1","NA","TRAIL","RMG-100L-2-PVII","RMG-100L-2-PVII","2024-05-18 05:27:26.5830000","STOP",,,,"2024-05-18 10:57:24"
358,,,,,,,";CO MILL SEAL PRESSURE ERROR",,"TRIAL","NA","0","NA","NA","RMG-100L-2-PVII","RMG-100L-2-PVII","2024-09-17 17:22:49.0820000","STOP",,,,"2024-09-17 22:52:47"
18,,,,,,,";MAIN AIR PURGING MIN",,"ABCDEF","16.50KG","1","GULAN","TRIALRUN","RMG-100L-2-PVII","RMG-100L-2-PVII","2024-01-22 01:37:07.4830000","STOP",,,,"2024-01-22 07:07:05"
190,,,,,,,";MAIN AIR PURGING MIN",,"NA","NA","1","NA","TRAIL","RMG-100L-2-PVII","RMG-100L-2-PVII","2024-05-18 05:27:56.5050000","STOP",,,,"2024-05-18 10:57:54"
359,,,,,,,";CO MILL SEAL PRESSURE ERROR",,"TRIAL","NA","0","NA","NA","RMG-100L-2-PVII","RMG-100L-2-PVII","2024-09-17 17:23:19.1040000","STOP",,,,"2024-09-17 22:53:17"
19,,,,,,,";DISCHARGE NOT CLOSED",,"SCA24001","16.50KG","0","VINOTH","CALCIUM FOLINATE 15MG TABLETS","RMG-100L-2-PVII","RMG-100L-2-PVII","2024-01-23 04:02:01.8310000","STOP",,,,"2024-01-23 09:31:59"
191,,,,,,,";DISCHARGE NOT CLOSED;MAIN AIR PURGING MIN",,"NA","NA","1","NA","TRAIL","RMG-100L-2-PVII","RMG-100L-2-PVII","2024-05-18 05:57:56.8890000","STOP",,,,"2024-05-18 11:27:55"
360,,,,,,,";CO MILL SEAL PRESSURE ERROR",,"TRIAL","NA","0","NA","NA","RMG-100L-2-PVII","RMG-100L-2-PVII","2024-09-17 17:23:49.1150000","STOP",,,,"2024-09-17 22:53:47"
20,,,,,,,";MAIN AIR PURGING MIN",,"NA","NA","1","NA","TRAIL","RMG-100L-2-PVII","RMG-100L-2-PVII","2024-05-18 03:17:54.5300000","STOP",,,,"2024-05-18 08:47:52"
361,,,,,,,";CO MILL SEAL PRESSURE ERROR",,"TRIAL","NA","0","NA","NA","RMG-100L-2-PVII","RMG-100L-2-PVII","2024-09-17 17:24:19.0860000","STOP",,,,"2024-09-17 22:54:17"
192,,,,,,,";DISCHARGE NOT CLOSED;MAIN AIR PURGING MIN",,"NA","NA","1","NA","TRAIL","RMG-100L-2-PVII","RMG-100L-2-PVII","2024-05-18 05:58:26.9650000","STOP",,,,"2024-05-18 11:28:25"
21,,,,,,,";MAIN AIR PURGING MIN",,"NA","NA","1","NA","TRAIL","RMG-100L-2-PVII","RMG-100L-2-PVII","2024-05-18 03:18:54.6050000","STOP",,,,"2024-05-18 08:48:52"
362,,,,,,,";CO MILL SEAL PRESSURE ERROR",,"TRIAL","NA","0","NA","NA","RMG-100L-2-PVII","RMG-100L-2-PVII","2024-09-17 17:24:49.1820000","STOP",,,,"2024-09-17 22:54:47"
193,,,,,,,";DISCHARGE NOT CLOSED;MAIN AIR PURGING MIN",,"NA","NA","1","NA","TRAIL","RMG-100L-2-PVII","RMG-100L-2-PVII","2024-05-18 05:58:56.9470000","STOP",,,,"2024-05-18 11:28:55"
22,,,,,,,";MAIN AIR PURGING MIN",,"NA","NA","1","NA","TRAIL","RMG-100L-2-PVII","RMG-100L-2-PVII","2024-05-18 03:19:24.6050000","STOP",,,,"2024-05-18 08:49:22"
363,,,,,,,";CO MILL SEAL PRESSURE ERROR",,"TRIAL","NA","0","NA","NA","RMG-100L-2-PVII","RMG-100L-2-PVII","2024-09-17 17:25:19.1480000","STOP",,,,"2024-09-17 22:55:17"
194,,,,,,,";MAIN AIR PURGING MIN",,"NA","NA","1","NA","TRAIL","RMG-100L-2-PVII","RMG-100L-2-PVII","2024-05-18 06:00:56.9920000","STOP",,,,"2024-05-18 11:30:55"
23,,,,,,,";MAIN AIR PURGING MIN",,"NA","NA","1","NA","TRAIL","RMG-100L-2-PVII","RMG-100L-2-PVII","2024-05-18 03:19:54.5710000","STOP",,,,"2024-05-18 08:49:52"
364,,,,,,,";CO MILL SEAL PRESSURE ERROR",,"TRIAL","NA","0","NA","NA","RMG-100L-2-PVII","RMG-100L-2-PVII","2024-09-17 17:25:49.1300000","STOP",,,,"2024-09-17 22:55:47"
195,,,,,,,";MAIN AIR PURGING MIN",,"NA","NA","1","NA","TRAIL","RMG-100L-2-PVII","RMG-100L-2-PVII","2024-05-18 06:01:27.0130000","STOP",,,,"2024-05-18 11:31:25"
24,,,,,,,";MAIN AIR PURGING MIN",,"NA","NA","1","NA","TRAIL","RMG-100L-2-PVII","RMG-100L-2-PVII","2024-05-18 03:20:24.5960000","STOP",,,,"2024-05-18 08:50:22"
365,,,,,,,";CO MILL SEAL PRESSURE ERROR",,"TRIAL","NA","0","NA","NA","RMG-100L-2-PVII","RMG-100L-2-PVII","2024-09-17 17:26:19.2630000","STOP",,,,"2024-09-17 22:56:17"
196,,,,,,,";MAIN AIR PURGING MIN",,"NA","NA","1","NA","TRAIL","RMG-100L-2-PVII","RMG-100L-2-PVII","2024-05-18 06:01:57.0430000","STOP",,,,"2024-05-18 11:31:55"
25,,,,,,,";MAIN AIR PURGING MIN",,"NA","NA","1","NA","TRAIL","RMG-100L-2-PVII","RMG-100L-2-PVII","2024-05-18 03:20:54.6430000","STOP",,,,"2024-05-18 08:50:52"
366,,,,,,,";CO MILL SEAL PRESSURE ERROR",,"TRIAL","NA","0","NA","NA","RMG-100L-2-PVII","RMG-100L-2-PVII","2024-09-17 17:26:49.1150000","STOP",,,,"2024-09-17 22:56:47"
197,,,,,,,";MAIN AIR PURGING MIN",,"NA","NA","1","NA","TRAIL","RMG-100L-2-PVII","RMG-100L-2-PVII","2024-05-18 06:02:27.0030000","STOP",,,,"2024-05-18 11:32:25"
26,,,,,,,";MAIN AIR PURGING MIN",,"NA","NA","1","NA","TRAIL","RMG-100L-2-PVII","RMG-100L-2-PVII","2024-05-18 03:21:24.6170000","STOP",,,,"2024-05-18 08:51:22"
198,,,,,,,";MAIN AIR PURGING MIN",,"NA","NA","1","NA","TRAIL","RMG-100L-2-PVII","RMG-100L-2-PVII","2024-05-18 06:02:57.0120000","STOP",,,,"2024-05-18 11:32:55"
367,,,,,,,";CO MILL SEAL PRESSURE ERROR",,"TRIAL","NA","0","NA","NA","RMG-100L-2-PVII","RMG-100L-2-PVII","2024-09-17 17:27:19.1580000","STOP",,,,"2024-09-17 22:57:17"
27,,,,,,,";MAIN AIR PURGING MIN",,"NA","NA","1","NA","TRAIL","RMG-100L-2-PVII","RMG-100L-2-PVII","2024-05-18 03:21:54.6070000","STOP",,,,"2024-05-18 08:51:52"
199,,,,,,,";MAIN AIR PURGING MIN",,"NA","NA","1","NA","TRAIL","RMG-100L-2-PVII","RMG-100L-2-PVII","2024-05-18 06:03:27.1060000","STOP",,,,"2024-05-18 11:33:25"
368,,,,,,,";CO MILL SEAL PRESSURE ERROR",,"TRIAL","17","0","NA","NA","RMG-100L-2-PVII","RMG-100L-2-PVII","2024-09-17 17:37:49.3180000","STOP",,,,"2024-09-17 23:07:47"
28,,,,,,,";MAIN AIR PURGING MIN",,"NA","NA","1","NA","TRAIL","RMG-100L-2-PVII","RMG-100L-2-PVII","2024-05-18 03:22:24.6140000","STOP",,,,"2024-05-18 08:52:22"
200,,,,,,,";MAIN AIR PURGING MIN",,"NA","NA","1","NA","TRAIL","RMG-100L-2-PVII","RMG-100L-2-PVII","2024-05-18 06:03:57.0210000","STOP",,,,"2024-05-18 11:33:55"
369,,,,,,,";CO MILL SEAL PRESSURE ERROR",,"17.9.24","1","0","NA","TRAIL","RMG-100L-2-PVII","RMG-100L-2-PVII","2024-09-17 17:44:19.4670000","STOP",,,,"2024-09-17 23:14:17"
29,,,,,,,";MAIN AIR PURGING MIN",,"NA","NA","1","NA","TRAIL","RMG-100L-2-PVII","RMG-100L-2-PVII","2024-05-18 03:22:54.6380000","STOP",,,,"2024-05-18 08:52:52"
201,,,,,,,";MAIN AIR PURGING MIN",,"NA","NA","1","NA","TRAIL","RMG-100L-2-PVII","RMG-100L-2-PVII","2024-05-18 06:04:27.0110000","STOP",,,,"2024-05-18 11:34:25"
370,,,,,,,";CO MILL SEAL PRESSURE ERROR",,"17.9.24","1","0","NA","TRAIL","RMG-100L-2-PVII","RMG-100L-2-PVII","2024-09-17 17:44:49.4610000","STOP",,,,"2024-09-17 23:14:47"
30,,,,,,,";MAIN AIR PURGING MIN",,"NA","NA","1","NA","TRAIL","RMG-100L-2-PVII","RMG-100L-2-PVII","2024-05-18 03:23:24.6290000","STOP",,,,"2024-05-18 08:53:22"
202,,,,,,,";MAIN AIR PURGING MIN",,"NA","NA","1","NA","TRAIL","RMG-100L-2-PVII","RMG-100L-2-PVII","2024-05-18 06:04:57.0100000","STOP",,,,"2024-05-18 11:34:55"
371,,,,,,,";CO MILL SEAL PRESSURE ERROR",,"17.9.24","1","0","NA","TRAIL","RMG-100L-2-PVII","RMG-100L-2-PVII","2024-09-17 17:45:19.4290000","STOP",,,,"2024-09-17 23:15:17"
31,,,,,,,";MAIN AIR PURGING MIN",,"NA","NA","1","NA","TRAIL","RMG-100L-2-PVII","RMG-100L-2-PVII","2024-05-18 03:23:54.6480000","STOP",,,,"2024-05-18 08:53:52"
203,,,,,,,";MAIN AIR PURGING MIN",,"NA","NA","1","NA","TRAIL","RMG-100L-2-PVII","RMG-100L-2-PVII","2024-05-18 06:05:27.0090000","STOP",,,,"2024-05-18 11:35:25"
32,,,,,,,";MAIN AIR PURGING MIN",,"NA","NA","1","NA","TRAIL","RMG-100L-2-PVII","RMG-100L-2-PVII","2024-05-18 03:24:24.6560000","STOP",,,,"2024-05-18 08:54:22"
372,,,,,,,";CO MILL SEAL PRESSURE ERROR",,"17.9.24","1","0","NA","TRAIL","RMG-100L-2-PVII","RMG-100L-2-PVII","2024-09-17 17:45:49.4370000","STOP",,,,"2024-09-17 23:15:47"
204,,,,,,,";MAIN AIR PURGING MIN",,"NA","NA","1","NA","TRAIL","RMG-100L-2-PVII","RMG-100L-2-PVII","2024-05-18 06:05:56.9880000","STOP",,,,"2024-05-18 11:35:55"
33,,,,,,,";MAIN AIR PURGING MIN",,"NA","NA","1","NA","TRAIL","RMG-100L-2-PVII","RMG-100L-2-PVII","2024-05-18 03:24:54.6470000","STOP",,,,"2024-05-18 08:54:53"
373,,,,,,,";CO MILL SEAL PRESSURE ERROR",,"17.9.24","1","0","NA","TRAIL","RMG-100L-2-PVII","RMG-100L-2-PVII","2024-09-17 17:46:19.4410000","STOP",,,,"2024-09-17 23:16:17"
205,,,,,,,";MAIN AIR PURGING MIN",,"NA","NA","1","NA","TRAIL","RMG-100L-2-PVII","RMG-100L-2-PVII","2024-05-18 06:06:27.0290000","STOP",,,,"2024-05-18 11:36:25"
34,,,,,,,";MAIN AIR PURGING MIN",,"NA","NA","1","NA","TRAIL","RMG-100L-2-PVII","RMG-100L-2-PVII","2024-05-18 03:25:24.6450000","STOP",,,,"2024-05-18 08:55:23"
374,,,,,,,";CO MILL SEAL PRESSURE ERROR",,"17.9.24","1","0","NA","TRAIL","RMG-100L-2-PVII","RMG-100L-2-PVII","2024-09-17 17:46:49.4390000","STOP",,,,"2024-09-17 23:16:47"
206,,,,,,,";MAIN AIR PURGING MIN",,"NA","NA","1","NA","TRAIL","RMG-100L-2-PVII","RMG-100L-2-PVII","2024-05-18 06:06:57.0260000","STOP",,,,"2024-05-18 11:36:55"
35,,,,,,,";MAIN AIR PURGING MIN",,"NA","NA","1","NA","TRAIL","RMG-100L-2-PVII","RMG-100L-2-PVII","2024-05-18 03:25:54.6840000","STOP",,,,"2024-05-18 08:55:53"
375,,,,,,,";CO MILL SEAL PRESSURE ERROR",,"17.9.24","1","0","NA","TRAIL","RMG-100L-2-PVII","RMG-100L-2-PVII","2024-09-17 17:47:19.4330000","STOP",,,,"2024-09-17 23:17:17"
207,,,,,,,";MAIN AIR PURGING MIN",,"NA","NA","1","NA","TRAIL","RMG-100L-2-PVII","RMG-100L-2-PVII","2024-05-18 06:07:27.1330000","STOP",,,,"2024-05-18 11:37:25"
36,,,,,,,";MAIN AIR PURGING MIN",,"NA","NA","1","NA","TRAIL","RMG-100L-2-PVII","RMG-100L-2-PVII","2024-05-18 03:26:24.7130000","STOP",,,,"2024-05-18 08:56:23"
376,,,,,,,";CO MILL SEAL PRESSURE ERROR",,"17.9.24","1","0","NA","TRAIL","RMG-100L-2-PVII","RMG-100L-2-PVII","2024-09-17 17:47:49.4420000","STOP",,,,"2024-09-17 23:17:47"
208,,,,,,,";MAIN AIR PURGING MIN",,"NA","NA","1","NA","TRAIL","RMG-100L-2-PVII","RMG-100L-2-PVII","2024-05-18 06:07:57.1180000","STOP",,,,"2024-05-18 11:37:55"
37,,,,,,,";MAIN AIR PURGING MIN",,"NA","NA","1","NA","TRAIL","RMG-100L-2-PVII","RMG-100L-2-PVII","2024-05-18 03:26:54.7440000","STOP",,,,"2024-05-18 08:56:53"
377,,,,,,,";CO MILL SEAL PRESSURE ERROR",,"17.9.24","1","0","NA","TRAIL","RMG-100L-2-PVII","RMG-100L-2-PVII","2024-09-17 17:48:19.5090000","STOP",,,,"2024-09-17 23:18:17"
209,,,,,,,";MAIN AIR PURGING MIN",,"NA","NA","1","NA","TRAIL","RMG-100L-2-PVII","RMG-100L-2-PVII","2024-05-18 06:08:27.0300000","STOP",,,,"2024-05-18 11:38:25"
38,,,,,,,";MAIN AIR PURGING MIN",,"NA","NA","1","NA","TRAIL","RMG-100L-2-PVII","RMG-100L-2-PVII","2024-05-18 03:27:24.7380000","STOP",,,,"2024-05-18 08:57:23"
378,,,,,,,";CO MILL SEAL PRESSURE ERROR",,"17.9.24","1","0","NA","TRAIL","RMG-100L-2-PVII","RMG-100L-2-PVII","2024-09-17 17:48:49.4630000","STOP",,,,"2024-09-17 23:18:47"
210,,,,,,,";MAIN AIR PURGING MIN",,"NA","NA","1","NA","TRAIL","RMG-100L-2-PVII","RMG-100L-2-PVII","2024-05-18 06:08:57.0650000","STOP",,,,"2024-05-18 11:38:55"
39,,,,,,,";MAIN AIR PURGING MIN",,"NA","NA","1","NA","TRAIL","RMG-100L-2-PVII","RMG-100L-2-PVII","2024-05-18 03:27:54.6780000","STOP",,,,"2024-05-18 08:57:53"
379,,,,,,,";CO MILL SEAL PRESSURE ERROR",,"17.9.24","1","0","NA","TRAIL","RMG-100L-2-PVII","RMG-100L-2-PVII","2024-09-17 17:49:19.4680000","STOP",,,,"2024-09-17 23:19:17"
211,,,,,,,";MAIN AIR PURGING MIN",,"NA","NA","1","NA","TRAIL","RMG-100L-2-PVII","RMG-100L-2-PVII","2024-05-18 06:09:27.7540000","STOP",,,,"2024-05-18 11:39:25"
40,,,,,,,";MAIN AIR PURGING MIN",,"NA","NA","1","NA","TRAIL","RMG-100L-2-PVII","RMG-100L-2-PVII","2024-05-18 03:28:24.7000000","STOP",,,,"2024-05-18 08:58:23"
212,,,,,,,";MAIN AIR PURGING MIN",,"NA","NA","1","NA","TRAIL","RMG-100L-2-PVII","RMG-100L-2-PVII","2024-05-18 06:09:57.1310000","STOP",,,,"2024-05-18 11:39:55"
380,,,,,,,";CO MILL SEAL PRESSURE ERROR",,"17.9.24","1","0","NA","TRAIL","RMG-100L-2-PVII","RMG-100L-2-PVII","2024-09-17 17:49:49.4730000","STOP",,,,"2024-09-17 23:19:47"
41,,,,,,,";MAIN AIR PURGING MIN",,"NA","NA","1","NA","TRAIL","RMG-100L-2-PVII","RMG-100L-2-PVII","2024-05-18 03:28:54.6710000","STOP",,,,"2024-05-18 08:58:53"
213,,,,,,,";MAIN AIR PURGING MIN",,"NA","NA","1","NA","TRAIL","RMG-100L-2-PVII","RMG-100L-2-PVII","2024-05-18 06:10:27.1790000","STOP",,,,"2024-05-18 11:40:25"
381,,,,,,,";CO MILL SEAL PRESSURE ERROR",,"17.9.24","1","0","NA","TRAIL","RMG-100L-2-PVII","RMG-100L-2-PVII","2024-09-17 17:50:19.4830000","STOP",,,,"2024-09-17 23:20:17"
42,,,,,,,";MAIN AIR PURGING MIN",,"NA","NA","1","NA","TRAIL","RMG-100L-2-PVII","RMG-100L-2-PVII","2024-05-18 03:29:24.7000000","STOP",,,,"2024-05-18 08:59:23"
382,,,,,,,";CO MILL SEAL PRESSURE ERROR",,"17.9.24","1","0","NA","TRAIL","RMG-100L-2-PVII","RMG-100L-2-PVII","2024-09-17 17:50:49.5340000","STOP",,,,"2024-09-17 23:20:47"
214,,,,,,,";MAIN AIR PURGING MIN",,"NA","NA","1","NA","TRAIL","RMG-100L-2-PVII","RMG-100L-2-PVII","2024-05-18 06:10:57.3090000","STOP",,,,"2024-05-18 11:40:55"
43,,,,,,,";MAIN AIR PURGING MIN",,"NA","NA","1","NA","TRAIL","RMG-100L-2-PVII","RMG-100L-2-PVII","2024-05-18 03:29:54.7260000","STOP",,,,"2024-05-18 08:59:53"
215,,,,,,,";MAIN AIR PURGING MIN",,"NA","NA","1","NA","TRAIL","RMG-100L-2-PVII","RMG-100L-2-PVII","2024-05-18 06:11:27.1500000","STOP",,,,"2024-05-18 11:41:25"
383,,,,,,,";CO MILL SEAL PRESSURE ERROR",,"17.9.24","1","0","NA","TRAIL","RMG-100L-2-PVII","RMG-100L-2-PVII","2024-09-17 17:51:19.5980000","STOP",,,,"2024-09-17 23:21:17"
44,,,,,,,";MAIN AIR PURGING MIN",,"NA","NA","1","NA","TRAIL","RMG-100L-2-PVII","RMG-100L-2-PVII","2024-05-18 03:30:24.7620000","STOP",,,,"2024-05-18 09:00:23"
216,,,,,,,";MAIN AIR PURGING MIN",,"NA","NA","1","NA","TRAIL","RMG-100L-2-PVII","RMG-100L-2-PVII","2024-05-18 06:11:57.2110000","STOP",,,,"2024-05-18 11:41:55"
384,,,,,,,";CO MILL SEAL PRESSURE ERROR",,"17.9.24","1","0","NA","TRAIL","RMG-100L-2-PVII","RMG-100L-2-PVII","2024-09-17 17:51:49.5190000","STOP",,,,"2024-09-17 23:21:47"
45,,,,,,,";MAIN AIR PURGING MIN",,"NA","NA","1","NA","TRAIL","RMG-100L-2-PVII","RMG-100L-2-PVII","2024-05-18 03:30:54.7120000","STOP",,,,"2024-05-18 09:00:53"
217,,,,,,,";MAIN AIR PURGING MIN",,"NA","NA","1","NA","TRAIL","RMG-100L-2-PVII","RMG-100L-2-PVII","2024-05-18 06:12:27.2650000","STOP",,,,"2024-05-18 11:42:25"
385,,,,,,,";CO MILL SEAL PRESSURE ERROR",,"17.9.24","1","0","NA","TRAIL","RMG-100L-2-PVII","RMG-100L-2-PVII","2024-09-17 17:52:19.5600000","STOP",,,,"2024-09-17 23:22:17"
46,,,,,,,";MAIN AIR PURGING MIN",,"NA","NA","1","NA","TRAIL","RMG-100L-2-PVII","RMG-100L-2-PVII","2024-05-18 03:31:24.7830000","STOP",,,,"2024-05-18 09:01:23"
218,,,,,,,";MAIN AIR PURGING MIN",,"NA","NA","1","NA","TRAIL","RMG-100L-2-PVII","RMG-100L-2-PVII","2024-05-18 06:12:57.1960000","STOP",,,,"2024-05-18 11:42:55"
386,,,,,,,";CO MILL SEAL PRESSURE ERROR",,"17.9.24","1","0","NA","TRAIL","RMG-100L-2-PVII","RMG-100L-2-PVII","2024-09-17 17:52:49.5250000","STOP",,,,"2024-09-17 23:22:47"
47,,,,,,,";MAIN AIR PURGING MIN",,"NA","NA","1","NA","TRAIL","RMG-100L-2-PVII","RMG-100L-2-PVII","2024-05-18 03:31:54.7800000","STOP",,,,"2024-05-18 09:01:53"
219,,,,,,,";MAIN AIR PURGING MIN",,"NA","NA","1","NA","TRAIL","RMG-100L-2-PVII","RMG-100L-2-PVII","2024-05-18 06:13:27.1760000","STOP",,,,"2024-05-18 11:43:25"
387,,,,,,,";CO MILL SEAL PRESSURE ERROR",,"17.9.24","1","0","NA","TRAIL","RMG-100L-2-PVII","RMG-100L-2-PVII","2024-09-17 17:53:19.5340000","STOP",,,,"2024-09-17 23:23:17"
48,,,,,,,";MAIN AIR PURGING MIN",,"NA","NA","1","NA","TRAIL","RMG-100L-2-PVII","RMG-100L-2-PVII","2024-05-18 03:32:24.8230000","STOP",,,,"2024-05-18 09:02:23"
220,,,,,,,";MAIN AIR PURGING MIN",,"NA","NA","1","NA","TRAIL","RMG-100L-2-PVII","RMG-100L-2-PVII","2024-05-18 06:13:57.2310000","STOP",,,,"2024-05-18 11:43:55"
388,,,,,,,";CO MILL SEAL PRESSURE ERROR",,"17.9.24","1","0","NA","TRAIL","RMG-100L-2-PVII","RMG-100L-2-PVII","2024-09-17 17:53:49.5690000","STOP",,,,"2024-09-17 23:23:47"
49,,,,,,,";MAIN AIR PURGING MIN",,"NA","NA","1","NA","TRAIL","RMG-100L-2-PVII","RMG-100L-2-PVII","2024-05-18 03:32:54.7550000","STOP",,,,"2024-05-18 09:02:53"
221,,,,,,,";MAIN AIR PURGING MIN",,"NA","NA","1","NA","TRAIL","RMG-100L-2-PVII","RMG-100L-2-PVII","2024-05-18 06:14:27.2770000","STOP",,,,"2024-05-18 11:44:25"
50,,,,,,,";MAIN AIR PURGING MIN",,"NA","NA","1","NA","TRAIL","RMG-100L-2-PVII","RMG-100L-2-PVII","2024-05-18 03:33:24.7740000","STOP",,,,"2024-05-18 09:03:23"
389,,,,,,,";CO MILL SEAL PRESSURE ERROR",,"17.9.24","1","0","NA","TRAIL","RMG-100L-2-PVII","RMG-100L-2-PVII","2024-09-17 17:54:19.5870000","STOP",,,,"2024-09-17 23:24:17"
222,,,,,,,";MAIN AIR PURGING MIN",,"NA","NA","1","NA","TRAIL","RMG-100L-2-PVII","RMG-100L-2-PVII","2024-05-18 06:14:57.2300000","STOP",,,,"2024-05-18 11:44:55"
51,,,,,,,";MAIN AIR PURGING MIN",,"NA","NA","1","NA","TRAIL","RMG-100L-2-PVII","RMG-100L-2-PVII","2024-05-18 03:33:54.7710000","STOP",,,,"2024-05-18 09:03:53"
390,,,,,,,";CO MILL SEAL PRESSURE ERROR",,"17.9.24","1","0","NA","TRAIL","RMG-100L-2-PVII","RMG-100L-2-PVII","2024-09-17 17:54:49.5630000","STOP",,,,"2024-09-17 23:24:47"
223,,,,,,,";MAIN AIR PURGING MIN",,"NA","NA","1","NA","TRAIL","RMG-100L-2-PVII","RMG-100L-2-PVII","2024-05-18 06:15:27.2070000","STOP",,,,"2024-05-18 11:45:25"
52,,,,,,,";MAIN AIR PURGING MIN",,"NA","NA","1","NA","TRAIL","RMG-100L-2-PVII","RMG-100L-2-PVII","2024-05-18 03:34:24.7730000","STOP",,,,"2024-05-18 09:04:23"
391,,,,,,,";CO MILL SEAL PRESSURE ERROR",,"17.9.24","1","0","NA","TRAIL","RMG-100L-2-PVII","RMG-100L-2-PVII","2024-09-17 17:55:19.5970000","STOP",,,,"2024-09-17 23:25:17"
224,,,,,,,";MAIN AIR PURGING MIN",,"NA","NA","1","NA","TRAIL","RMG-100L-2-PVII","RMG-100L-2-PVII","2024-05-18 06:15:57.2660000","STOP",,,,"2024-05-18 11:45:55"
53,,,,,,,";MAIN AIR PURGING MIN",,"NA","NA","1","NA","TRAIL","RMG-100L-2-PVII","RMG-100L-2-PVII","2024-05-18 03:34:54.7690000","STOP",,,,"2024-05-18 09:04:53"
392,,,,,,,";CO MILL SEAL PRESSURE ERROR",,"17.9.24","1","0","NA","TRAIL","RMG-100L-2-PVII","RMG-100L-2-PVII","2024-09-17 17:55:49.6010000","STOP",,,,"2024-09-17 23:25:47"
54,,,,,,,";MAIN AIR PURGING MIN",,"NA","NA","1","NA","TRAIL","RMG-100L-2-PVII","RMG-100L-2-PVII","2024-05-18 03:35:24.8080000","STOP",,,,"2024-05-18 09:05:23"
393,,,,,,,";CO MILL SEAL PRESSURE ERROR",,"17.9.24","1","0","NA","TRAIL","RMG-100L-2-PVII","RMG-100L-2-PVII","2024-09-17 17:56:19.5770000","STOP",,,,"2024-09-17 23:26:17"
225,,,,,,,";MAIN AIR PURGING MIN",,"NA","NA","1","NA","TRAIL","RMG-100L-2-PVII","RMG-100L-2-PVII","2024-05-18 06:16:27.2770000","STOP",,,,"2024-05-18 11:46:25"
394,,,,,,,";CO MILL SEAL PRESSURE ERROR",,"17.9.24","1","0","NA","TRAIL","RMG-100L-2-PVII","RMG-100L-2-PVII","2024-09-17 17:56:49.6140000","STOP",,,,"2024-09-17 23:26:47"
55,,,,,,,";MAIN AIR PURGING MIN",,"NA","NA","1","NA","TRAIL","RMG-100L-2-PVII","RMG-100L-2-PVII","2024-05-18 03:35:54.8340000","STOP",,,,"2024-05-18 09:05:53"
226,,,,,,,";MAIN AIR PURGING MIN",,"NA","NA","1","NA","TRAIL","RMG-100L-2-PVII","RMG-100L-2-PVII","2024-05-18 06:16:57.2770000","STOP",,,,"2024-05-18 11:46:55"
395,,,,,,,";CO MILL SEAL PRESSURE ERROR",,"17.9.24","1","0","NA","TRAIL","RMG-100L-2-PVII","RMG-100L-2-PVII","2024-09-17 17:57:19.6610000","STOP",,,,"2024-09-17 23:27:17"
56,,,,,,,";MAIN AIR PURGING MIN",,"NA","NA","1","NA","TRAIL","RMG-100L-2-PVII","RMG-100L-2-PVII","2024-05-18 03:36:24.7980000","STOP",,,,"2024-05-18 09:06:23"
396,,,,,,,";CO MILL SEAL PRESSURE ERROR",,"17.9.24","1","0","NA","TRAIL","RMG-100L-2-PVII","RMG-100L-2-PVII","2024-09-17 17:57:49.6110000","STOP",,,,"2024-09-17 23:27:47"
227,,,,,,,";MAIN AIR PURGING MIN",,"NA","NA","1","NA","TRAIL","RMG-100L-2-PVII","RMG-100L-2-PVII","2024-05-18 06:17:27.3370000","STOP",,,,"2024-05-18 11:47:25"
397,,,,,,,";CO MILL SEAL PRESSURE ERROR",,"17.9.24","1","0","NA","TRAIL","RMG-100L-2-PVII","RMG-100L-2-PVII","2024-09-17 17:58:19.5910000","STOP",,,,"2024-09-17 23:28:17"
57,,,,,,,";MAIN AIR PURGING MIN",,"NA","NA","1","NA","TRAIL","RMG-100L-2-PVII","RMG-100L-2-PVII","2024-05-18 03:36:54.7930000","STOP",,,,"2024-05-18 09:06:53"
228,,,,,,,";MAIN AIR PURGING MIN",,"NA","NA","1","NA","TRAIL","RMG-100L-2-PVII","RMG-100L-2-PVII","2024-05-18 06:17:57.3170000","STOP",,,,"2024-05-18 11:47:55"
398,,,,,,,";CO MILL SEAL PRESSURE ERROR",,"17.9.24","1","0","NA","TRAIL","RMG-100L-2-PVII","RMG-100L-2-PVII","2024-09-17 17:58:49.6640000","STOP",,,,"2024-09-17 23:28:47"
58,,,,,,,";MAIN AIR PURGING MIN",,"NA","NA","1","NA","TRAIL","RMG-100L-2-PVII","RMG-100L-2-PVII","2024-05-18 03:37:24.8060000","STOP",,,,"2024-05-18 09:07:23"
229,,,,,,,";MAIN AIR PURGING MIN",,"NA","NA","1","NA","TRAIL","RMG-100L-2-PVII","RMG-100L-2-PVII","2024-05-18 06:18:27.3600000","STOP",,,,"2024-05-18 11:48:25"
399,,,,,,,";CO MILL SEAL PRESSURE ERROR",,"17.9.24","1","0","NA","TRAIL","RMG-100L-2-PVII","RMG-100L-2-PVII","2024-09-17 17:59:19.6250000","STOP",,,,"2024-09-17 23:29:17"
230,,,,,,,";MAIN AIR PURGING MIN",,"NA","NA","1","NA","TRAIL","RMG-100L-2-PVII","RMG-100L-2-PVII","2024-05-18 06:18:57.2640000","STOP",,,,"2024-05-18 11:48:55"
400,,,,,,,";CO MILL SEAL PRESSURE ERROR",,"17.9.24","1","0","NA","TRAIL","RMG-100L-2-PVII","RMG-100L-2-PVII","2024-09-17 17:59:49.6260000","STOP",,,,"2024-09-17 23:29:47"
59,,,,,,,";MAIN AIR PURGING MIN",,"NA","NA","1","NA","TRAIL","RMG-100L-2-PVII","RMG-100L-2-PVII","2024-05-18 03:37:54.7910000","STOP",,,,"2024-05-18 09:07:53"
231,,,,,,,";MAIN AIR PURGING MIN",,"NA","NA","1","NA","TRAIL","RMG-100L-2-PVII","RMG-100L-2-PVII","2024-05-18 06:19:27.3520000","STOP",,,,"2024-05-18 11:49:25"
401,,,,,,,";CO MILL SEAL PRESSURE ERROR",,"17.9.24","1","0","NA","TRAIL","RMG-100L-2-PVII","RMG-100L-2-PVII","2024-09-17 18:00:19.6180000","STOP",,,,"2024-09-17 23:30:17"
60,,,,,,,";MAIN AIR PURGING MIN",,"NA","NA","1","NA","TRAIL","RMG-100L-2-PVII","RMG-100L-2-PVII","2024-05-18 03:38:24.9230000","STOP",,,,"2024-05-18 09:08:23"
232,,,,,,,";MAIN AIR PURGING MIN",,"NA","NA","1","NA","TRAIL","RMG-100L-2-PVII","RMG-100L-2-PVII","2024-05-18 06:19:57.3580000","STOP",,,,"2024-05-18 11:49:55"
402,,,,,,,";CO MILL SEAL PRESSURE ERROR",,"17.9.24","1","0","NA","TRAIL","RMG-100L-2-PVII","RMG-100L-2-PVII","2024-09-17 18:00:49.6230000","STOP",,,,"2024-09-17 23:30:47"
61,,,,,,,";MAIN AIR PURGING MIN",,"NA","NA","1","NA","TRAIL","RMG-100L-2-PVII","RMG-100L-2-PVII","2024-05-18 03:38:54.8170000","STOP",,,,"2024-05-18 09:08:53"
233,,,,,,,";MAIN AIR PURGING MIN",,"NA","NA","1","NA","TRAIL","RMG-100L-2-PVII","RMG-100L-2-PVII","2024-05-18 06:20:27.2570000","STOP",,,,"2024-05-18 11:50:25"
403,,,,,,,";CO MILL SEAL PRESSURE ERROR",,"17.9.24","1","0","NA","TRAIL","RMG-100L-2-PVII","RMG-100L-2-PVII","2024-09-17 18:01:19.6830000","STOP",,,,"2024-09-17 23:31:17"
62,,,,,,,";MAIN AIR PURGING MIN",,"NA","NA","1","NA","TRAIL","RMG-100L-2-PVII","RMG-100L-2-PVII","2024-05-18 03:39:24.7980000","STOP",,,,"2024-05-18 09:09:23"
234,,,,,,,";MAIN AIR PURGING MIN",,"NA","NA","1","NA","TRAIL","RMG-100L-2-PVII","RMG-100L-2-PVII","2024-05-18 06:45:57.6380000","STOP",,,,"2024-05-18 12:15:55"
404,,,,,,,";CO MILL SEAL PRESSURE ERROR",,"17.9.24","1","0","NA","TRAIL","RMG-100L-2-PVII","RMG-100L-2-PVII","2024-09-17 18:01:49.6930000","STOP",,,,"2024-09-17 23:31:47"
63,,,,,,,";MAIN AIR PURGING MIN",,"NA","NA","1","NA","TRAIL","RMG-100L-2-PVII","RMG-100L-2-PVII","2024-05-18 03:39:54.8750000","STOP",,,,"2024-05-18 09:09:53"
235,,,,,,,";MAIN AIR PURGING MIN",,"NA","NA","1","NA","TRAIL","RMG-100L-2-PVII","RMG-100L-2-PVII","2024-05-18 06:46:27.6570000","STOP",,,,"2024-05-18 12:16:25"
405,,,,,,,";CO MILL SEAL PRESSURE ERROR",,"17.9.24","1","0","NA","TRAIL","RMG-100L-2-PVII","RMG-100L-2-PVII","2024-09-17 18:02:19.6450000","STOP",,,,"2024-09-17 23:32:17"
64,,,,,,,";MAIN AIR PURGING MIN",,"NA","NA","1","NA","TRAIL","RMG-100L-2-PVII","RMG-100L-2-PVII","2024-05-18 03:40:24.8660000","STOP",,,,"2024-05-18 09:10:23"
236,,,,,,,";DISCHARGE NOT CLOSED",,"RDS24001","16.00KG","0","SIDHARTH","DOSULEPIN HCL 25MG CAPSULES","RMG-100L-2-PVII","RMG-100L-2-PVII","2024-05-20 08:44:41.6330000","STOP",,,,"2024-05-20 14:14:39"
406,,,,,,,";CO MILL SEAL PRESSURE ERROR",,"17.9.24","1","0","NA","TRAIL","RMG-100L-2-PVII","RMG-100L-2-PVII","2024-09-17 18:02:49.6470000","STOP",,,,"2024-09-17 23:32:47"
65,,,,,,,";MAIN AIR PURGING MIN",,"NA","NA","1","NA","TRAIL","RMG-100L-2-PVII","RMG-100L-2-PVII","2024-05-18 03:40:54.8380000","STOP",,,,"2024-05-18 09:10:53"
237,,,,,,,";DISCHARGE NOT CLOSED",,"RDS24001","16.00KG","0","SIDHARTH","DOSULEPIN HCL 25MG CAPSULES","RMG-100L-2-PVII","RMG-100L-2-PVII","2024-05-20 08:48:11.6560000","STOP",,,,"2024-05-20 14:18:09"
407,,,,,,,";CO MILL SEAL PRESSURE ERROR",,"17.9.24","1","0","NA","TRAIL","RMG-100L-2-PVII","RMG-100L-2-PVII","2024-09-17 18:03:19.7030000","STOP",,,,"2024-09-17 23:33:17"
66,,,,,,,";MAIN AIR PURGING MIN",,"NA","NA","1","NA","TRAIL","RMG-100L-2-PVII","RMG-100L-2-PVII","2024-05-18 03:41:24.8910000","STOP",,,,"2024-05-18 09:11:23"
408,,,,,,,";CO MILL SEAL PRESSURE ERROR",,"17.9.24","1","0","NA","TRAIL","RMG-100L-2-PVII","RMG-100L-2-PVII","2024-09-17 18:03:49.7660000","STOP",,,,"2024-09-17 23:33:47"
67,,,,,,,";MAIN AIR PURGING MIN",,"NA","NA","1","NA","TRAIL","RMG-100L-2-PVII","RMG-100L-2-PVII","2024-05-18 03:41:54.8950000","STOP",,,,"2024-05-18 09:11:53"
238,,,,,,,";CO MILL SEAL PRESSURE ERRORTOP LID OPEN",,"RDS24001","16.00KG","0","SIDHARTH","DOSULEPIN HCL 25MG CAPSULES","RMG-100L-2-PVII","RMG-100L-2-PVII","2024-05-20 09:26:12.3330000","STOP",,,,"2024-05-20 14:56:10"
68,,,,,,,";MAIN AIR PURGING MIN",,"NA","NA","1","NA","TRAIL","RMG-100L-2-PVII","RMG-100L-2-PVII","2024-05-18 03:42:24.9260000","STOP",,,,"2024-05-18 09:12:23"
409,,,,,,,";CO MILL SEAL PRESSURE ERROR",,"17.9.24","1","0","NA","TRAIL","RMG-100L-2-PVII","RMG-100L-2-PVII","2024-09-17 18:04:19.6860000","STOP",,,,"2024-09-17 23:34:17"
239,,,,,,,";CO MILL SEAL PRESSURE ERRORTOP LID OPEN",,"RDS24001","16.00KG","0","SIDHARTH","DOSULEPIN HCL 25MG CAPSULES","RMG-100L-2-PVII","RMG-100L-2-PVII","2024-05-20 09:26:42.2480000","STOP",,,,"2024-05-20 14:56:40"
69,,,,,,,";MAIN AIR PURGING MIN",,"NA","NA","1","NA","TRAIL","RMG-100L-2-PVII","RMG-100L-2-PVII","2024-05-18 03:42:54.8450000","STOP",,,,"2024-05-18 09:12:53"
410,,,,,,,";CO MILL SEAL PRESSURE ERROR",,"17.9.24","1","0","NA","TRAIL","RMG-100L-2-PVII","RMG-100L-2-PVII","2024-09-17 18:04:49.7160000","STOP",,,,"2024-09-17 23:34:47"
240,,,,,,,";CO MILL SEAL PRESSURE ERROR",,"RDS24001","16.00KG","0","SIDHARTH","DOSULEPIN HCL 25MG CAPSULES","RMG-100L-2-PVII","RMG-100L-2-PVII","2024-05-30 10:46:43.9170000","STOP",,,,"2024-05-30 16:16:42"
70,,,,,,,";MAIN AIR PURGING MIN",,"NA","NA","1","NA","TRAIL","RMG-100L-2-PVII","RMG-100L-2-PVII","2024-05-18 03:43:24.8780000","STOP",,,,"2024-05-18 09:13:23"
411,,,,,,,";CO MILL SEAL PRESSURE ERROR",,"17.9.24","1","0","NA","TRAIL","RMG-100L-2-PVII","RMG-100L-2-PVII","2024-09-17 18:05:19.7180000","STOP",,,,"2024-09-17 23:35:17"
241,,,,,,,";CO MILL SEAL PRESSURE ERROR",,"RDS24001","16.00KG","0","SIDHARTH","DOSULEPIN HCL 25MG CAPSULES","RMG-100L-2-PVII","RMG-100L-2-PVII","2024-05-30 10:47:13.9810000","STOP",,,,"2024-05-30 16:17:12"
71,,,,,,,";MAIN AIR PURGING MIN",,"NA","NA","1","NA","TRAIL","RMG-100L-2-PVII","RMG-100L-2-PVII","2024-05-18 03:43:54.9010000","STOP",,,,"2024-05-18 09:13:53"
412,,,,,,,";CO MILL SEAL PRESSURE ERROR",,"17.9.24","1","0","NA","TRAIL","RMG-100L-2-PVII","RMG-100L-2-PVII","2024-09-17 18:05:49.7230000","STOP",,,,"2024-09-17 23:35:47"
242,,,,,,,";CO MILL SEAL PRESSURE ERROR",,"RDS24001","16.00KG","0","SIDHARTH","DOSULEPIN HCL 25MG CAPSULES","RMG-100L-2-PVII","RMG-100L-2-PVII","2024-05-30 10:56:14.1290000","STOP",,,,"2024-05-30 16:26:12"
413,,,,,,,";CO MILL SEAL PRESSURE ERROR",,"17.9.24","1","0","NA","TRAIL","RMG-100L-2-PVII","RMG-100L-2-PVII","2024-09-17 18:06:19.7100000","STOP",,,,"2024-09-17 23:36:17"
72,,,,,,,";MAIN AIR PURGING MIN",,"NA","NA","1","NA","TRAIL","RMG-100L-2-PVII","RMG-100L-2-PVII","2024-05-18 03:44:24.8980000","STOP",,,,"2024-05-18 09:14:23"
414,,,,,,,";CO MILL SEAL PRESSURE ERROR",,"17.9.24","1","0","NA","TRAIL","RMG-100L-2-PVII","RMG-100L-2-PVII","2024-09-17 18:06:49.7180000","STOP",,,,"2024-09-17 23:36:47"
243,,,,,,,";CO MILL SEAL PRESSURE ERROR",,"RDS24001","16.00KG","0","SIDHARTH","DOSULEPIN HCL 25MG CAPSULES","RMG-100L-2-PVII","RMG-100L-2-PVII","2024-05-30 10:56:44.1460000","STOP",,,,"2024-05-30 16:26:42"
73,,,,,,,";MAIN AIR PURGING MIN",,"NA","NA","1","NA","TRAIL","RMG-100L-2-PVII","RMG-100L-2-PVII","2024-05-18 03:44:54.8680000","STOP",,,,"2024-05-18 09:14:53"
415,,,,,,,";CO MILL SEAL PRESSURE ERROR",,"17.9.24","1","0","NA","TRAIL","RMG-100L-2-PVII","RMG-100L-2-PVII","2024-09-17 18:07:19.7180000","STOP",,,,"2024-09-17 23:37:17"
244,,,,,,,";CO MILL SEAL PRESSURE ERROR",,"RDS24001","16.00KG","0","SIDHARTH","DOSULEPIN HCL 25MG CAPSULES","RMG-100L-2-PVII","RMG-100L-2-PVII","2024-05-30 11:09:14.2100000","STOP",,,,"2024-05-30 16:39:12"
74,,,,,,,";MAIN AIR PURGING MIN",,"NA","NA","1","NA","TRAIL","RMG-100L-2-PVII","RMG-100L-2-PVII","2024-05-18 03:45:24.8930000","STOP",,,,"2024-05-18 09:15:23"
416,,,,,,,";CO MILL SEAL PRESSURE ERROR",,"17.9.24","1","0","NA","TRAIL","RMG-100L-2-PVII","RMG-100L-2-PVII","2024-09-17 18:07:49.7750000","STOP",,,,"2024-09-17 23:37:47"
245,,,,,,,";CO MILL SEAL PRESSURE ERROR",,"RDS24001","16.00KG","0","SIDHARTH","DOSULEPIN HCL 25MG CAPSULES","RMG-100L-2-PVII","RMG-100L-2-PVII","2024-05-30 11:17:44.4290000","STOP",,,,"2024-05-30 16:47:42"
75,,,,,,,";MAIN AIR PURGING MIN",,"NA","NA","1","NA","TRAIL","RMG-100L-2-PVII","RMG-100L-2-PVII","2024-05-18 03:45:54.9710000","STOP",,,,"2024-05-18 09:15:53"
417,,,,,,,";CO MILL SEAL PRESSURE ERROR",,"17.9.24","1","0","NA","TRAIL","RMG-100L-2-PVII","RMG-100L-2-PVII","2024-09-17 18:08:19.7730000","STOP",,,,"2024-09-17 23:38:17"
246,,,,,,,";CO MILL SEAL PRESSURE ERROR",,"RDS24001","16.00KG","0","SIDHARTH","DOSULEPIN HCL 25MG CAPSULES","RMG-100L-2-PVII","RMG-100L-2-PVII","2024-05-30 11:34:44.8170000","STOP",,,,"2024-05-30 17:04:42"
76,,,,,,,";MAIN AIR PURGING MIN",,"NA","NA","1","NA","TRAIL","RMG-100L-2-PVII","RMG-100L-2-PVII","2024-05-18 03:46:24.9850000","STOP",,,,"2024-05-18 09:16:23"
418,,,,,,,";CO MILL PRESENT PROXY",,"TIP24002","18.00KG[2]","0","PRATIK","IMIPRAMINE 25MG TABLETS","RMG-100L-2-PVII","RMG-100L-2-PVII","2024-09-19 18:03:03.2870000","STOP",,,,"2024-09-19 23:33:00"
247,,,,,,,";CO MILL SEAL PRESSURE ERROR",,"RDS24001","16.00KG","0","SIDHARTH","DOSULEPIN HCL 25MG CAPSULES","RMG-100L-2-PVII","RMG-100L-2-PVII","2024-05-30 11:37:44.6190000","STOP",,,,"2024-05-30 17:07:42"
77,,,,,,,";MAIN AIR PURGING MIN",,"NA","NA","1","NA","TRAIL","RMG-100L-2-PVII","RMG-100L-2-PVII","2024-05-18 03:46:54.8940000","STOP",,,,"2024-05-18 09:16:53"
419,,,,,,,";CO MILL SEAL PRESSURE ERROR",,"TIP24002","18.00KG[2]","0","PRATIK","IMIPRAMINE 25MG TABLETS","RMG-100L-2-PVII","RMG-100L-2-PVII","2024-10-01 04:45:50.7780000","STOP",,,,"2024-10-01 10:15:48"
78,,,,,,,";MAIN AIR PURGING MIN",,"NA","NA","1","NA","TRAIL","RMG-100L-2-PVII","RMG-100L-2-PVII","2024-05-18 03:47:24.8700000","STOP",,,,"2024-05-18 09:17:23"
248,,,,,,,";CO MILL SEAL PRESSURE ERROR",,"RDS24001","16.00KG","0","SIDHARTH","DOSULEPIN HCL 25MG CAPSULES","RMG-100L-2-PVII","RMG-100L-2-PVII","2024-05-30 11:40:14.7940000","STOP",,,,"2024-05-30 17:10:12"
420,,,,,,,";CO MILL SEAL PRESSURE ERROR",,"TIP24002","18.00KG[2]","0","PRATIK","IMIPRAMINE 25MG TABLETS","RMG-100L-2-PVII","RMG-100L-2-PVII","2024-10-01 04:49:51.3830000","STOP",,,,"2024-10-01 10:19:48"
79,,,,,,,";MAIN AIR PURGING MIN",,"NA","NA","1","NA","TRAIL","RMG-100L-2-PVII","RMG-100L-2-PVII","2024-05-18 03:47:54.8830000","STOP",,,,"2024-05-18 09:17:53"
249,,,,,,,";CO MILL SEAL PRESSURE ERROR",,"RDS24001","16.00KG","0","SIDHARTH","DOSULEPIN HCL 25MG CAPSULES","RMG-100L-2-PVII","RMG-100L-2-PVII","2024-05-30 11:40:44.7440000","STOP",,,,"2024-05-30 17:10:42"
80,,,,,,,";MAIN AIR PURGING MIN",,"NA","NA","1","NA","TRAIL","RMG-100L-2-PVII","RMG-100L-2-PVII","2024-05-18 03:48:24.9140000","STOP",,,,"2024-05-18 09:18:23"
421,,,,,,,";DISCHARGE NOT CLOSED",,"TIP24002","18.00KG[2]","0","PRATIK","IMIPRAMINE 25MG TABLETS","RMG-100L-2-PVII","RMG-100L-2-PVII","2024-10-05 06:17:05.5670000","STOP",,,,"2024-10-05 11:47:02"
250,,,,,,,";PRODUCT TEMP ALM",,"SCA24002","16.50KG","0","GULAN","CALCIUM FOLINATE 5MG TABLETS","RMG-100L-2-PVII","RMG-100L-2-PVII","2024-05-31 06:44:33.1480000","START",,,,"2024-05-31 12:14:30"
81,,,,,,,";MAIN AIR PURGING MIN",,"NA","NA","1","NA","TRAIL","RMG-100L-2-PVII","RMG-100L-2-PVII","2024-05-18 03:48:54.9180000","STOP",,,,"2024-05-18 09:18:53"
422,,,,,,,";PRODUCT TEMP ALM",,"MTR24001","22.00   KG","0","PRATIK","TRAMODOL HCL TABLETS 50MG","RMG-100L-2-PVII","RMG-100L-2-PVII","2024-11-07 08:08:55.7500000","START",,,,"2024-11-07 13:38:53"
251,,,,,,,";PRODUCT TEMP ALM",,"SCA24002","16.50KG","0","GULAN","CALCIUM FOLINATE 5MG TABLETS","RMG-100L-2-PVII","RMG-100L-2-PVII","2024-05-31 06:45:05.1510000","START",,,,"2024-05-31 12:15:00"
82,,,,,,,";MAIN AIR PURGING MIN",,"NA","NA","1","NA","TRAIL","RMG-100L-2-PVII","RMG-100L-2-PVII","2024-05-18 03:49:24.9520000","STOP",,,,"2024-05-18 09:19:23"
423,,,,,,,";PRODUCT TEMP ALM",,"MTR24001","22.00   KG","0","PRATIK","TRAMODOL HCL TABLETS 50MG","RMG-100L-2-PVII","RMG-100L-2-PVII","2024-11-07 08:09:25.7790000","START",,,,"2024-11-07 13:39:23"
252,,,,,,,";CO MILL MOTOR TRIPPED",,"SCA24005..","16.50KG","0","BALKRISHNA","CALCIUM FOLINATE 15MG TABLETS","RMG-100L-2-PVII","RMG-100L-2-PVII","2024-06-19 04:34:46.9760000","START",,,,"2024-06-19 10:04:45"
83,,,,,,,";MAIN AIR PURGING MIN",,"NA","NA","1","NA","TRAIL","RMG-100L-2-PVII","RMG-100L-2-PVII","2024-05-18 03:49:54.9450000","STOP",,,,"2024-05-18 09:19:53"
424,,,,,,,";FBD TROLLY ABSENT;PRODUCT TEMP ALM",,"MTR24001","22.00   KG","0","PRATIK","TRAMODOL HCL TABLETS 50MG","RMG-100L-2-PVII","RMG-100L-2-PVII","2024-12-04 11:52:01.8680000","STOP",,,,"2024-12-04 17:21:59"
84,,,,,,,";MAIN AIR PURGING MIN",,"NA","NA","1","NA","TRAIL","RMG-100L-2-PVII","RMG-100L-2-PVII","2024-05-18 03:50:24.9330000","STOP",,,,"2024-05-18 09:20:23"
253,,,,,,,";CO MILL MOTOR TRIPPED",,"SCA24005..","16.50KG","0","BALKRISHNA","CALCIUM FOLINATE 15MG TABLETS","RMG-100L-2-PVII","RMG-100L-2-PVII","2024-06-19 04:35:16.9870000","STOP",,,,"2024-06-19 10:05:15"
425,,,,,,,";FBD TROLLY ABSENT;PRODUCT TEMP ALM",,"MTR24001","22.00   KG","0","PRATIK","TRAMODOL HCL TABLETS 50MG","RMG-100L-2-PVII","RMG-100L-2-PVII","2024-12-04 11:52:32.0350000","STOP",,,,"2024-12-04 17:22:29"
85,,,,,,,";MAIN AIR PURGING MIN",,"NA","NA","1","NA","TRAIL","RMG-100L-2-PVII","RMG-100L-2-PVII","2024-05-18 03:50:54.9590000","STOP",,,,"2024-05-18 09:20:53"
254,,,,,,,";CO MILL MOTOR TRIPPED",,"SCA24005..","16.50KG","0","BALKRISHNA","CALCIUM FOLINATE 15MG TABLETS","RMG-100L-2-PVII","RMG-100L-2-PVII","2024-06-19 04:35:46.9870000","STOP",,,,"2024-06-19 10:05:45"
86,,,,,,,";MAIN AIR PURGING MIN",,"NA","NA","1","NA","TRAIL","RMG-100L-2-PVII","RMG-100L-2-PVII","2024-05-18 03:51:24.9310000","STOP",,,,"2024-05-18 09:21:23"
426,,,,,,,";PRODUCT TEMP ALM",,"MTR24001","22.00   KG","0","PRATIK","TRAMODOL HCL TABLETS 50MG","RMG-100L-2-PVII","RMG-100L-2-PVII","2024-12-04 11:56:02.0140000","STOP",,,,"2024-12-04 17:25:59"
255,,,,,,,";CO MILL MOTOR TRIPPED",,"SCA24005..","16.50KG","0","BALKRISHNA","CALCIUM FOLINATE 15MG TABLETS","RMG-100L-2-PVII","RMG-100L-2-PVII","2024-06-19 04:37:17.0690000","STOP",,,,"2024-06-19 10:07:15"
87,,,,,,,";MAIN AIR PURGING MIN",,"NA","NA","1","NA","TRAIL","RMG-100L-2-PVII","RMG-100L-2-PVII","2024-05-18 03:51:54.9870000","STOP",,,,"2024-05-18 09:21:53"
427,,,,,,,";FBD TROLLY ABSENT;PRODUCT TEMP ALM",,"MTR24001","22.00   KG","0","PRATIK","TRAMODOL HCL TABLETS 50MG","RMG-100L-2-PVII","RMG-100L-2-PVII","2024-12-04 11:57:31.9930000","STOP",,,,"2024-12-04 17:27:29"
256,,,,,,,";PRODUCT TEMP ALM",,"SCA24005/","16.50KG","0","BALKRISHNA","CALCIUM FOLINATE 15MG TABLETS","RMG-100L-2-PVII","RMG-100L-2-PVII","2024-06-19 07:18:17.8750000","START",,,,"2024-06-19 12:48:16"
88,,,,,,,";MAIN AIR PURGING MIN",,"NA","NA","1","NA","TRAIL","RMG-100L-2-PVII","RMG-100L-2-PVII","2024-05-18 03:52:25.0190000","STOP",,,,"2024-05-18 09:22:23"
428,,,,,,,";PRODUCT TEMP ALM",,"MTR24001","22.00   KG","0","PRATIK","TRAMODOL HCL TABLETS 50MG","RMG-100L-2-PVII","RMG-100L-2-PVII","2024-12-04 11:58:31.9890000","STOP",,,,"2024-12-04 17:28:29"
257,,,,,,,";PRODUCT TEMP ALM",,"SCA24005/","16.50KG","0","BALKRISHNA","CALCIUM FOLINATE 15MG TABLETS","RMG-100L-2-PVII","RMG-100L-2-PVII","2024-06-19 07:18:47.9060000","START",,,,"2024-06-19 12:48:46"
89,,,,,,,";MAIN AIR PURGING MIN",,"NA","NA","1","NA","TRAIL","RMG-100L-2-PVII","RMG-100L-2-PVII","2024-05-18 03:52:55.0190000","STOP",,,,"2024-05-18 09:22:53"
429,,,,,,,";PRODUCT TEMP ALM",,"MTR24001","22.00   KG","0","PRATIK","TRAMODOL HCL TABLETS 50MG","RMG-100L-2-PVII","RMG-100L-2-PVII","2024-12-04 11:59:01.9660000","STOP",,,,"2024-12-04 17:28:59"
258,,,,,,,";PRODUCT TEMP ALM",,"SCA24005/","16.50KG","0","BALKRISHNA","CALCIUM FOLINATE 15MG TABLETS","RMG-100L-2-PVII","RMG-100L-2-PVII","2024-06-19 07:29:47.9620000","START",,,,"2024-06-19 12:59:46"
90,,,,,,,";MAIN AIR PURGING MIN",,"NA","NA","1","NA","TRAIL","RMG-100L-2-PVII","RMG-100L-2-PVII","2024-05-18 03:53:24.9860000","STOP",,,,"2024-05-18 09:23:23"
430,,,,,,,";DISCHARGE NOT CLOSED;PRODUCT TEMP ALM",,"MTR24001","22.00   KG","0","PRATIK","TRAMODOL HCL TABLETS 50MG","RMG-100L-2-PVII","RMG-100L-2-PVII","2024-12-04 12:09:32.1800000","STOP",,,,"2024-12-04 17:39:29"
259,,,,,,,";PRODUCT TEMP ALM",,"SCA24005/","16.50KG","0","BALKRISHNA","CALCIUM FOLINATE 15MG TABLETS","RMG-100L-2-PVII","RMG-100L-2-PVII","2024-06-19 07:30:18.0080000","START",,,,"2024-06-19 13:00:16"
91,,,,,,,";MAIN AIR PURGING MIN",,"NA","NA","1","NA","TRAIL","RMG-100L-2-PVII","RMG-100L-2-PVII","2024-05-18 03:53:54.9820000","STOP",,,,"2024-05-18 09:23:53"
431,,,,,,,";PRODUCT TEMP ALM",,"MTR24001","22.00   KG","0","PRATIK","TRAMODOL HCL TABLETS 50MG","RMG-100L-2-PVII","RMG-100L-2-PVII","2024-12-04 12:10:03.1740000","STOP",,,,"2024-12-04 17:39:59"
92,,,,,,,";MAIN AIR PURGING MIN",,"NA","NA","1","NA","TRAIL","RMG-100L-2-PVII","RMG-100L-2-PVII","2024-05-18 03:54:25.0180000","STOP",,,,"2024-05-18 09:24:23"
260,,,,,,,";PRODUCT TEMP ALM",,"SCA24005/","16.50KG","0","BALKRISHNA","CALCIUM FOLINATE 15MG TABLETS","RMG-100L-2-PVII","RMG-100L-2-PVII","2024-06-19 07:30:47.9530000","START",,,,"2024-06-19 13:00:46"
432,,,,,,,";PRODUCT TEMP ALM",,"MTR24001","22.00   KG","0","PRATIK","TRAMODOL HCL TABLETS 50MG","RMG-100L-2-PVII","RMG-100L-2-PVII","2024-12-04 12:11:02.2750000","STOP",,,,"2024-12-04 17:40:59"
93,,,,,,,";MAIN AIR PURGING MIN",,"NA","NA","1","NA","TRAIL","RMG-100L-2-PVII","RMG-100L-2-PVII","2024-05-18 03:54:55.0240000","STOP",,,,"2024-05-18 09:24:53"
261,,,,,,,";MAIN POWER FAILURE;PRODUCT TEMP ALM",,"SCA24005/","16.50KG","0","BALKRISHNA","CALCIUM FOLINATE 15MG TABLETS","RMG-100L-2-PVII","RMG-100L-2-PVII","2024-06-19 07:45:48.2110000","START",,,,"2024-06-19 13:15:46"
94,,,,,,,";MAIN AIR PURGING MIN",,"NA","NA","1","NA","TRAIL","RMG-100L-2-PVII","RMG-100L-2-PVII","2024-05-18 03:55:25.0930000","STOP",,,,"2024-05-18 09:25:23"
433,,,,,,,";FBD TROLLY ABSENT;PRODUCT TEMP ALM",,"MTR24001","22.00   KG","0","PRATIK","TRAMODOL HCL TABLETS 50MG","RMG-100L-2-PVII","RMG-100L-2-PVII","2024-12-05 00:53:44.2820000","STOP",,,,"2024-12-05 06:23:41"
262,,,,,,,";MAIN POWER FAILURE;PRODUCT TEMP ALM",,"SCA24005/","16.50KG","0","BALKRISHNA","CALCIUM FOLINATE 15MG TABLETS","RMG-100L-2-PVII","RMG-100L-2-PVII","2024-06-19 07:46:18.1290000","START",,,,"2024-06-19 13:16:16"
95,,,,,,,";MAIN AIR PURGING MIN",,"NA","NA","1","NA","TRAIL","RMG-100L-2-PVII","RMG-100L-2-PVII","2024-05-18 03:55:54.9880000","STOP",,,,"2024-05-18 09:25:53"
434,,,,,,,";FBD TROLLY ABSENT;PRODUCT TEMP ALM",,"MTR24001","22.00   KG","0","PRATIK","TRAMODOL HCL TABLETS 50MG","RMG-100L-2-PVII","RMG-100L-2-PVII","2024-12-05 00:54:14.3220000","STOP",,,,"2024-12-05 06:24:11"
263,,,,,,,";MAIN POWER FAILURE;PRODUCT TEMP ALM",,"SCA24005/","16.50KG","0","BALKRISHNA","CALCIUM FOLINATE 15MG TABLETS","RMG-100L-2-PVII","RMG-100L-2-PVII","2024-06-19 07:46:48.1300000","START",,,,"2024-06-19 13:16:46"
96,,,,,,,";MAIN AIR PURGING MIN",,"NA","NA","1","NA","TRAIL","RMG-100L-2-PVII","RMG-100L-2-PVII","2024-05-18 03:56:25.0440000","STOP",,,,"2024-05-18 09:26:23"
435,,,,,,,";DISCHARGE NOT CLOSED;PRODUCT TEMP ALM",,"MTR24001","22.00   KG","0","PRATIK","TRAMODOL HCL TABLETS 50MG","RMG-100L-2-PVII","RMG-100L-2-PVII","2024-12-05 00:55:44.2990000","STOP",,,,"2024-12-05 06:25:41"
97,,,,,,,";MAIN AIR PURGING MIN",,"NA","NA","1","NA","TRAIL","RMG-100L-2-PVII","RMG-100L-2-PVII","2024-05-18 03:56:55.0970000","STOP",,,,"2024-05-18 09:26:53"
264,,,,,,,";CHOPPER AIR PURGING MAX;MAIN AIR PURGING MAX",,"TIP24001","18.000KG","0","GULAN","IMIPRAMINE 25MG TABLETS","RMG-100L-2-PVII","RMG-100L-2-PVII","2024-06-25 03:32:14.1260000","STOP",,,,"2024-06-25 09:02:12"
436,,,,,,,";PRODUCT TEMP ALM",,"MTR24001","22.00   KG","0","PRATIK","TRAMODOL HCL TABLETS 50MG","RMG-100L-2-PVII","RMG-100L-2-PVII","2024-12-05 00:56:14.3740000","STOP",,,,"2024-12-05 06:26:11"
98,,,,,,,";MAIN AIR PURGING MIN",,"NA","NA","1","NA","TRAIL","RMG-100L-2-PVII","RMG-100L-2-PVII","2024-05-18 03:57:25.0790000","STOP",,,,"2024-05-18 09:27:23"
265,,,,,,,";CHOPPER AIR PURGING MAX;MAIN AIR PURGING MAX",,"TIP24001","18.000KG","0","GULAN","IMIPRAMINE 25MG TABLETS","RMG-100L-2-PVII","RMG-100L-2-PVII","2024-06-25 03:32:44.0880000","STOP",,,,"2024-06-25 09:02:42"
437,,,,,,,";PRODUCT TEMP ALM",,"MTR24001","22.00   KG","0","PRATIK","TRAMODOL HCL TABLETS 50MG","RMG-100L-2-PVII","RMG-100L-2-PVII","2024-12-05 01:03:14.5220000","STOP",,,,"2024-12-05 06:33:11"
99,,,,,,,";MAIN AIR PURGING MIN",,"NA","NA","1","NA","TRAIL","RMG-100L-2-PVII","RMG-100L-2-PVII","2024-05-18 03:57:55.0770000","STOP",,,,"2024-05-18 09:27:53"
266,,,,,,,";CHOPPER AIR PURGING MAX;MAIN AIR PURGING MAX",,"TIP24001","18.000KG","0","GULAN","IMIPRAMINE 25MG TABLETS","RMG-100L-2-PVII","RMG-100L-2-PVII","2024-06-25 03:38:44.0510000","STOP",,,,"2024-06-25 09:08:42"
100,,,,,,,";MAIN AIR PURGING MIN",,"NA","NA","1","NA","TRAIL","RMG-100L-2-PVII","RMG-100L-2-PVII","2024-05-18 03:58:25.1930000","STOP",,,,"2024-05-18 09:28:23"
438,,,,,,,";CHOPPER AIR PURGING MIN",,"TIP24003","22.00   KG","0","PRATIK","TRAMODOL HCL TABLETS 50MG","RMG-100L-2-PVII","RMG-100L-2-PVII","2024-12-05 01:28:14.8670000","STOP",,,,"2024-12-05 06:58:12"
267,,,,,,,";MAIN AIR PURGING MIN",,"TIP24001","18.000KG","0","GULAN","IMIPRAMINE 25MG TABLETS","RMG-100L-2-PVII","RMG-100L-2-PVII","2024-06-25 03:39:44.0040000","STOP",,,,"2024-06-25 09:09:42"
101,,,,,,,";MAIN AIR PURGING MIN",,"NA","NA","1","NA","TRAIL","RMG-100L-2-PVII","RMG-100L-2-PVII","2024-05-18 03:58:55.0770000","STOP",,,,"2024-05-18 09:28:53"
439,,,,,,,";DISCHARGE NOT CLOSED",,"TIP24003","22.00   KG","0","PRATIK","TRAMODOL HCL TABLETS 50MG","RMG-100L-2-PVII","RMG-100L-2-PVII","2024-12-05 01:51:15.2880000","STOP",,,,"2024-12-05 07:21:12"
102,,,,,,,";MAIN AIR PURGING MIN",,"NA","NA","1","NA","TRAIL","RMG-100L-2-PVII","RMG-100L-2-PVII","2024-05-18 03:59:25.0620000","STOP",,,,"2024-05-18 09:29:23"
268,,,,,,,";CHOPPER AIR PURGING MAX;MAIN AIR PURGING MAX",,"TIP24001","18.000KG","0","GULAN","IMIPRAMINE 25MG TABLETS","RMG-100L-2-PVII","RMG-100L-2-PVII","2024-06-25 03:46:13.9910000","STOP",,,,"2024-06-25 09:16:12"
440,,,,,,,";DISCHARGE NOT CLOSED",,"TIP24003","22.00   KG","0","PRATIK","TRAMODOL HCL TABLETS 50MG","RMG-100L-2-PVII","RMG-100L-2-PVII","2024-12-05 01:51:45.2860000","STOP",,,,"2024-12-05 07:21:42"
103,,,,,,,";MAIN AIR PURGING MIN",,"NA","NA","1","NA","TRAIL","RMG-100L-2-PVII","RMG-100L-2-PVII","2024-05-18 03:59:55.0200000","STOP",,,,"2024-05-18 09:29:53"
269,,,,,,,";CHOPPER AIR PURGING MAX;MAIN AIR PURGING MAX",,"TIP24001","18.000KG","0","GULAN","IMIPRAMINE 25MG TABLETS","RMG-100L-2-PVII","RMG-100L-2-PVII","2024-06-25 03:48:14.0530000","STOP",,,,"2024-06-25 09:18:12"
441,,,,,,,";DISCHARGE NOT CLOSED",,"TIP24003","22.00   KG","0","PRATIK","TRAMODOL HCL TABLETS 50MG","RMG-100L-2-PVII","RMG-100L-2-PVII","2024-12-05 01:52:15.2690000","STOP",,,,"2024-12-05 07:22:12"
104,,,,,,,";MAIN AIR PURGING MIN",,"NA","NA","1","NA","TRAIL","RMG-100L-2-PVII","RMG-100L-2-PVII","2024-05-18 04:00:25.1390000","STOP",,,,"2024-05-18 09:30:23"
442,,,,,,,";DISCHARGE NOT CLOSED",,"TIP24003","22.00   KG","0","PRATIK","TRAMODOL HCL TABLETS 50MG","RMG-100L-2-PVII","RMG-100L-2-PVII","2024-12-05 01:52:45.2060000","STOP",,,,"2024-12-05 07:22:42"
270,,,,,,,";CHOPPER AIR PURGING MAX;MAIN AIR PURGING MAX",,"TIP24001","18.000KG","0","GULAN","IMIPRAMINE 25MG TABLETS","RMG-100L-2-PVII","RMG-100L-2-PVII","2024-06-25 03:48:44.0930000","STOP",,,,"2024-06-25 09:18:42"
105,,,,,,,";MAIN AIR PURGING MIN",,"NA","NA","1","NA","TRAIL","RMG-100L-2-PVII","RMG-100L-2-PVII","2024-05-18 04:00:55.1560000","STOP",,,,"2024-05-18 09:30:53"
443,,,,,,,";DISCHARGE NOT CLOSED",,"TIP24003","22.00   KG","0","PRATIK","TRAMODOL HCL TABLETS 50MG","RMG-100L-2-PVII","RMG-100L-2-PVII","2024-12-05 01:53:15.3110000","STOP",,,,"2024-12-05 07:23:12"
106,,,,,,,";MAIN AIR PURGING MIN",,"NA","NA","1","NA","TRAIL","RMG-100L-2-PVII","RMG-100L-2-PVII","2024-05-18 04:01:25.1060000","STOP",,,,"2024-05-18 09:31:23"
271,,,,,,,";CHOPPER AIR PURGING MAX;MAIN AIR PURGING MAX",,"TIP24001","18.000KG","0","GULAN","IMIPRAMINE 25MG TABLETS","RMG-100L-2-PVII","RMG-100L-2-PVII","2024-06-25 03:51:14.0270000","STOP",,,,"2024-06-25 09:21:12"
444,,,,,,,";DISCHARGE NOT CLOSED",,"TIP24003","22.00   KG","0","PRATIK","TRAMODOL HCL TABLETS 50MG","RMG-100L-2-PVII","RMG-100L-2-PVII","2024-12-05 01:53:45.2330000","STOP",,,,"2024-12-05 07:23:42"
107,,,,,,,";MAIN AIR PURGING MIN",,"NA","NA","1","NA","TRAIL","RMG-100L-2-PVII","RMG-100L-2-PVII","2024-05-18 04:01:55.2330000","STOP",,,,"2024-05-18 09:31:53"
272,,,,,,,";CHOPPER AIR PURGING MAX;MAIN AIR PURGING MAX",,"TIP24001","18.000KG","0","GULAN","IMIPRAMINE 25MG TABLETS","RMG-100L-2-PVII","RMG-100L-2-PVII","2024-06-25 03:52:44.0830000","STOP",,,,"2024-06-25 09:22:42"
108,,,,,,,";MAIN AIR PURGING MIN",,"NA","NA","1","NA","TRAIL","RMG-100L-2-PVII","RMG-100L-2-PVII","2024-05-18 04:02:25.1500000","STOP",,,,"2024-05-18 09:32:23"
445,,,,,,,";DISCHARGE NOT CLOSED",,"TIP24003","22.00   KG","0","PRATIK","TRAMODOL HCL TABLETS 50MG","RMG-100L-2-PVII","RMG-100L-2-PVII","2024-12-05 01:54:15.3880000","STOP",,,,"2024-12-05 07:24:12"
273,,,,,,,";CO MILL SEAL PRESSURE ERROR",,"TIP24001","18.000KG","0","GULAN","IMIPRAMINE 25MG TABLETS","RMG-100L-2-PVII","RMG-100L-2-PVII","2024-06-25 03:53:44.0600000","STOP",,,,"2024-06-25 09:23:42"
109,,,,,,,";MAIN AIR PURGING MIN",,"NA","NA","1","NA","TRAIL","RMG-100L-2-PVII","RMG-100L-2-PVII","2024-05-18 04:02:55.1440000","STOP",,,,"2024-05-18 09:32:53"
446,,,,,,,";DISCHARGE NOT CLOSED",,"TIP24003","22.00   KG","0","PRATIK","TRAMODOL HCL TABLETS 50MG","RMG-100L-2-PVII","RMG-100L-2-PVII","2024-12-05 01:54:45.2280000","STOP",,,,"2024-12-05 07:24:42"
274,,,,,,,";CHOPPER AIR PURGING MAX;MAIN AIR PURGING MAX",,"TIP24001","18.000KG","0","GULAN","IMIPRAMINE 25MG TABLETS","RMG-100L-2-PVII","RMG-100L-2-PVII","2024-06-25 04:50:44.4140000","STOP",,,,"2024-06-25 10:20:42"
110,,,,,,,";MAIN AIR PURGING MIN",,"NA","NA","1","NA","TRAIL","RMG-100L-2-PVII","RMG-100L-2-PVII","2024-05-18 04:03:25.1770000","STOP",,,,"2024-05-18 09:33:23"
447,,,,,,,";DISCHARGE NOT CLOSED",,"TIP24003","22.00   KG","0","PRATIK","TRAMODOL HCL TABLETS 50MG","RMG-100L-2-PVII","RMG-100L-2-PVII","2024-12-05 01:55:15.2550000","STOP",,,,"2024-12-05 07:25:12"
111,,,,,,,";MAIN AIR PURGING MIN",,"NA","NA","1","NA","TRAIL","RMG-100L-2-PVII","RMG-100L-2-PVII","2024-05-18 04:03:55.2000000","STOP",,,,"2024-05-18 09:33:53"
275,,,,,,,";CHOPPER AIR PURGING MAX;MAIN AIR PURGING MAX",,"TIP24001","18.000KG","0","GULAN","IMIPRAMINE 25MG TABLETS","RMG-100L-2-PVII","RMG-100L-2-PVII","2024-06-25 04:51:14.5800000","STOP",,,,"2024-06-25 10:21:12"
448,,,,,,,";DISCHARGE NOT CLOSED",,"TIP24003","22.00   KG","0","PRATIK","TRAMODOL HCL TABLETS 50MG","RMG-100L-2-PVII","RMG-100L-2-PVII","2024-12-05 01:55:45.2590000","STOP",,,,"2024-12-05 07:25:42"
112,,,,,,,";MAIN AIR PURGING MIN",,"NA","NA","1","NA","TRAIL","RMG-100L-2-PVII","RMG-100L-2-PVII","2024-05-18 04:04:25.1990000","STOP",,,,"2024-05-18 09:34:23"
276,,,,,,,";CHOPPER AIR PURGING MAX;MAIN AIR PURGING MAX",,"TIP24001","18.000KG","0","GULAN","IMIPRAMINE 25MG TABLETS","RMG-100L-2-PVII","RMG-100L-2-PVII","2024-06-25 04:51:44.4930000","STOP",,,,"2024-06-25 10:21:42"
449,,,,,,,";DISCHARGE NOT CLOSED",,"TIP24003","22.00   KG","0","PRATIK","TRAMODOL HCL TABLETS 50MG","RMG-100L-2-PVII","RMG-100L-2-PVII","2024-12-05 01:56:15.2870000","STOP",,,,"2024-12-05 07:26:12"
113,,,,,,,";MAIN AIR PURGING MIN",,"NA","NA","1","NA","TRAIL","RMG-100L-2-PVII","RMG-100L-2-PVII","2024-05-18 04:04:55.1800000","STOP",,,,"2024-05-18 09:34:53"
277,,,,,,,";CHOPPER AIR PURGING MAX;MAIN AIR PURGING MAX",,"TIP24001","18.000KG","0","GULAN","IMIPRAMINE 25MG TABLETS","RMG-100L-2-PVII","RMG-100L-2-PVII","2024-06-25 04:52:14.4290000","STOP",,,,"2024-06-25 10:22:12"
450,,,,,,,";DISCHARGE NOT CLOSED",,"TIP24003","22.00   KG","0","PRATIK","TRAMODOL HCL TABLETS 50MG","RMG-100L-2-PVII","RMG-100L-2-PVII","2024-12-05 01:56:45.2550000","STOP",,,,"2024-12-05 07:26:42"
114,,,,,,,";MAIN AIR PURGING MIN",,"NA","NA","1","NA","TRAIL","RMG-100L-2-PVII","RMG-100L-2-PVII","2024-05-18 04:05:25.2150000","STOP",,,,"2024-05-18 09:35:23"
115,,,,,,,";MAIN AIR PURGING MIN",,"NA","NA","1","NA","TRAIL","RMG-100L-2-PVII","RMG-100L-2-PVII","2024-05-18 04:05:55.2150000","STOP",,,,"2024-05-18 09:35:53"
451,,,,,,,";DISCHARGE NOT CLOSED",,"TIP24003","22.00   KG","0","PRATIK","TRAMODOL HCL TABLETS 50MG","RMG-100L-2-PVII","RMG-100L-2-PVII","2024-12-05 01:57:15.4980000","STOP",,,,"2024-12-05 07:27:12"
278,,,,,,,";CHOPPER AIR PURGING MAX;MAIN AIR PURGING MAX",,"TIP24001","18.000KG","0","GULAN","IMIPRAMINE 25MG TABLETS","RMG-100L-2-PVII","RMG-100L-2-PVII","2024-06-25 04:55:44.4330000","STOP",,,,"2024-06-25 10:25:42"
116,,,,,,,";MAIN AIR PURGING MIN",,"NA","NA","1","NA","TRAIL","RMG-100L-2-PVII","RMG-100L-2-PVII","2024-05-18 04:06:29.5460000","STOP",,,,"2024-05-18 09:36:23"
452,,,,,,,";DISCHARGE NOT CLOSED",,"TIP24003","22.00   KG","0","PRATIK","TRAMODOL HCL TABLETS 50MG","RMG-100L-2-PVII","RMG-100L-2-PVII","2024-12-05 01:57:45.4080000","STOP",,,,"2024-12-05 07:27:42"
279,,,,,,,";CHOPPER AIR PURGING MAX;MAIN AIR PURGING MAX",,"TIP24001","18.000KG","0","GULAN","IMIPRAMINE 25MG TABLETS","RMG-100L-2-PVII","RMG-100L-2-PVII","2024-06-25 04:57:44.3730000","STOP",,,,"2024-06-25 10:27:42"
117,,,,,,,";MAIN AIR PURGING MIN",,"NA","NA","1","NA","TRAIL","RMG-100L-2-PVII","RMG-100L-2-PVII","2024-05-18 04:06:55.2390000","STOP",,,,"2024-05-18 09:36:53"
453,,,,,,,";DISCHARGE NOT CLOSED",,"TIP24003","22.00   KG","0","PRATIK","TRAMODOL HCL TABLETS 50MG","RMG-100L-2-PVII","RMG-100L-2-PVII","2024-12-05 01:58:15.2860000","STOP",,,,"2024-12-05 07:28:12"
280,,,,,,,";CHOPPER AIR PURGING MAX;MAIN AIR PURGING MAX",,"TIP24001","18.000KG","0","GULAN","IMIPRAMINE 25MG TABLETS","RMG-100L-2-PVII","RMG-100L-2-PVII","2024-06-25 05:28:14.7460000","STOP",,,,"2024-06-25 10:58:12"
118,,,,,,,";MAIN AIR PURGING MIN",,"NA","NA","1","NA","TRAIL","RMG-100L-2-PVII","RMG-100L-2-PVII","2024-05-18 04:07:25.2360000","STOP",,,,"2024-05-18 09:37:23"
454,,,,,,,";DISCHARGE NOT CLOSED",,"TIP24003","22.00   KG","0","PRATIK","TRAMODOL HCL TABLETS 50MG","RMG-100L-2-PVII","RMG-100L-2-PVII","2024-12-05 01:58:45.3090000","STOP",,,,"2024-12-05 07:28:42"
281,,,,,,,";CHOPPER AIR PURGING MAX;MAIN AIR PURGING MAX",,"TIP24001","18.000KG","0","SIDHARTH","IMIPRAMINE 25MG TABLETS","RMG-100L-2-PVII","RMG-100L-2-PVII","2024-07-21 08:39:12.3970000","STOP",,,,"2024-07-21 14:08:39"
119,,,,,,,";MAIN AIR PURGING MIN",,"NA","NA","1","NA","TRAIL","RMG-100L-2-PVII","RMG-100L-2-PVII","2024-05-18 04:07:55.2630000","STOP",,,,"2024-05-18 09:37:53"
455,,,,,,,";DISCHARGE NOT CLOSED",,"TIP24003","22.00   KG","0","PRATIK","TRAMODOL HCL TABLETS 50MG","RMG-100L-2-PVII","RMG-100L-2-PVII","2024-12-05 01:59:15.7470000","STOP",,,,"2024-12-05 07:29:12"
120,,,,,,,";MAIN AIR PURGING MIN",,"NA","NA","1","NA","TRAIL","RMG-100L-2-PVII","RMG-100L-2-PVII","2024-05-18 04:08:25.2470000","STOP",,,,"2024-05-18 09:38:23"
282,,,,,,,";IMPELLER UNDER CHOPPER BLADE",,"TIP24001","18.000KG","0","SIDHARTH","IMIPRAMINE 25MG TABLETS","RMG-100L-2-PVII","RMG-100L-2-PVII","2024-08-05 01:20:53.3670000","STOP",,,,"2024-08-05 06:50:51"
456,,,,,,,";DISCHARGE NOT CLOSED",,"TIP24003","22.00   KG","0","PRATIK","TRAMODOL HCL TABLETS 50MG","RMG-100L-2-PVII","RMG-100L-2-PVII","2024-12-05 01:59:45.3590000","STOP",,,,"2024-12-05 07:29:42"
121,,,,,,,";MAIN AIR PURGING MIN",,"NA","NA","1","NA","TRAIL","RMG-100L-2-PVII","RMG-100L-2-PVII","2024-05-18 04:08:55.3010000","STOP",,,,"2024-05-18 09:38:53"
283,,,,,,,";IMPELLER UNDER CHOPPER BLADE",,"TIP24001","18.000KG","0","SIDHARTH","IMIPRAMINE 25MG TABLETS","RMG-100L-2-PVII","RMG-100L-2-PVII","2024-08-05 01:21:23.3280000","STOP",,,,"2024-08-05 06:51:21"
457,,,,,,,";DISCHARGE NOT CLOSED",,"TIP24003","22.00   KG","0","PRATIK","TRAMODOL HCL TABLETS 50MG","RMG-100L-2-PVII","RMG-100L-2-PVII","2024-12-05 02:00:15.4600000","STOP",,,,"2024-12-05 07:30:12"
122,,,,,,,";MAIN AIR PURGING MIN",,"NA","NA","1","NA","TRAIL","RMG-100L-2-PVII","RMG-100L-2-PVII","2024-05-18 04:09:25.2970000","STOP",,,,"2024-05-18 09:39:23"
284,,,,,,,";CHOPPER AIR PURGING MAX;MAIN AIR PURGING MAX",,"TIP24001","18.000KG","0","SIDHARTH","IMIPRAMINE 25MG TABLETS","RMG-100L-2-PVII","RMG-100L-2-PVII","2024-08-10 22:46:33.0740000","STOP",,,,"2024-08-11 04:13:00"
123,,,,,,,";MAIN AIR PURGING MIN",,"NA","NA","1","NA","TRAIL","RMG-100L-2-PVII","RMG-100L-2-PVII","2024-05-18 04:09:55.2230000","STOP",,,,"2024-05-18 09:39:53"
458,,,,,,,";DISCHARGE NOT CLOSED",,"TIP24003","22.00   KG","0","PRATIK","TRAMODOL HCL TABLETS 50MG","RMG-100L-2-PVII","RMG-100L-2-PVII","2024-12-05 02:00:45.3830000","STOP",,,,"2024-12-05 07:30:42"
285,,,,,,,";CO MILL SEAL PRESSURE ERROR",,"RDT24001","29.00KG","0","GAJANAN","DOSULEPIN  HCL 75MG TABLETS","RMG-100L-2-PVII","RMG-100L-2-PVII","2024-08-12 13:11:39.2390000","STOP",,,,"2024-08-12 18:40:35"
124,,,,,,,";MAIN AIR PURGING MIN",,"NA","NA","1","NA","TRAIL","RMG-100L-2-PVII","RMG-100L-2-PVII","2024-05-18 04:10:25.2750000","STOP",,,,"2024-05-18 09:40:23"
459,,,,,,,";DISCHARGE NOT CLOSED",,"TIP24003","22.00   KG","0","PRATIK","TRAMODOL HCL TABLETS 50MG","RMG-100L-2-PVII","RMG-100L-2-PVII","2024-12-05 02:01:15.5300000","STOP",,,,"2024-12-05 07:31:12"
125,,,,,,,";MAIN AIR PURGING MIN",,"NA","NA","1","NA","TRAIL","RMG-100L-2-PVII","RMG-100L-2-PVII","2024-05-18 04:10:55.3520000","STOP",,,,"2024-05-18 09:40:53"
286,,,,,,,";DISCHARGE NOT CLOSED",,"RDT24001","29.00KG","0","GAJANAN","DOSULEPIN  HCL 75MG TABLETS","RMG-100L-2-PVII","RMG-100L-2-PVII","2024-08-13 01:23:20.4680000","STOP",,,,"2024-08-13 06:52:46"
460,,,,,,,";DISCHARGE NOT CLOSED",,"TIP24003","22.00   KG","0","PRATIK","TRAMODOL HCL TABLETS 50MG","RMG-100L-2-PVII","RMG-100L-2-PVII","2024-12-05 02:01:45.4770000","STOP",,,,"2024-12-05 07:31:42"
126,,,,,,,";MAIN AIR PURGING MIN",,"NA","NA","1","NA","TRAIL","RMG-100L-2-PVII","RMG-100L-2-PVII","2024-05-18 04:11:25.3240000","STOP",,,,"2024-05-18 09:41:23"
287,,,,,,,";CO MILL PRESENT PROXY",,"RDT24001","29.00KG","0","GAJANAN","DOSULEPIN  HCL 75MG TABLETS","RMG-100L-2-PVII","RMG-100L-2-PVII","2024-08-13 03:51:52.0400000","STOP",,,,"2024-08-13 09:21:47"
461,,,,,,,";DISCHARGE NOT CLOSED",,"TIP24003","22.00   KG","0","PRATIK","TRAMODOL HCL TABLETS 50MG","RMG-100L-2-PVII","RMG-100L-2-PVII","2024-12-05 02:02:15.5270000","STOP",,,,"2024-12-05 07:32:12"
127,,,,,,,";MAIN AIR PURGING MIN",,"NA","NA","1","NA","TRAIL","RMG-100L-2-PVII","RMG-100L-2-PVII","2024-05-18 04:11:55.4750000","STOP",,,,"2024-05-18 09:41:53"
288,,,,,,,";CO MILL PRESENT PROXY",,"RDT24001","29.00KG","0","GAJANAN","DOSULEPIN  HCL 75MG TABLETS","RMG-100L-2-PVII","RMG-100L-2-PVII","2024-08-13 03:52:22.2730000","STOP",,,,"2024-08-13 09:22:17"
462,,,,,,,";DISCHARGE NOT CLOSED",,"TIP24003","22.00   KG","0","PRATIK","TRAMODOL HCL TABLETS 50MG","RMG-100L-2-PVII","RMG-100L-2-PVII","2024-12-05 02:02:45.3920000","STOP",,,,"2024-12-05 07:32:42"
128,,,,,,,";MAIN AIR PURGING MIN",,"NA","NA","1","NA","TRAIL","RMG-100L-2-PVII","RMG-100L-2-PVII","2024-05-18 04:12:25.2810000","STOP",,,,"2024-05-18 09:42:23"
289,,,,,,,";CO MILL SEAL PRESSURE ERROR",,"RDT24001","29.00KG","0","GAJANAN","DOSULEPIN  HCL 75MG TABLETS","RMG-100L-2-PVII","RMG-100L-2-PVII","2024-08-13 04:24:22.7430000","START",,,,"2024-08-13 09:54:18"
129,,,,,,,";MAIN AIR PURGING MIN",,"NA","NA","1","NA","TRAIL","RMG-100L-2-PVII","RMG-100L-2-PVII","2024-05-18 04:12:55.2820000","STOP",,,,"2024-05-18 09:42:53"
463,,,,,,,";DISCHARGE NOT CLOSED",,"TIP24003","22.00   KG","0","PRATIK","TRAMODOL HCL TABLETS 50MG","RMG-100L-2-PVII","RMG-100L-2-PVII","2024-12-05 02:03:15.5570000","STOP",,,,"2024-12-05 07:33:12"
290,,,,,,,";CO MILL SEAL PRESSURE ERROR",,"RDT24001","29.00KG","0","GAJANAN","DOSULEPIN  HCL 75MG TABLETS","RMG-100L-2-PVII","RMG-100L-2-PVII","2024-08-13 04:25:22.5420000","START",,,,"2024-08-13 09:54:48"
130,,,,,,,";MAIN AIR PURGING MIN",,"NA","NA","1","NA","TRAIL","RMG-100L-2-PVII","RMG-100L-2-PVII","2024-05-18 04:13:25.3210000","STOP",,,,"2024-05-18 09:43:23"
464,,,,,,,";DISCHARGE NOT CLOSED",,"TIP24003","22.00   KG","0","PRATIK","TRAMODOL HCL TABLETS 50MG","RMG-100L-2-PVII","RMG-100L-2-PVII","2024-12-05 02:03:45.3990000","STOP",,,,"2024-12-05 07:33:42"
291,,,,,,,";CO MILL SEAL PRESSURE ERROR",,"TRIAL","NA","0","NA","NA","RMG-100L-2-PVII","RMG-100L-2-PVII","2024-09-17 16:41:48.4890000","STOP",,,,"2024-09-17 22:11:46"
131,,,,,,,";MAIN AIR PURGING MIN",,"NA","NA","1","NA","TRAIL","RMG-100L-2-PVII","RMG-100L-2-PVII","2024-05-18 04:13:55.3150000","STOP",,,,"2024-05-18 09:43:53"
465,,,,,,,";DISCHARGE NOT CLOSED",,"TIP24003","22.00   KG","0","PRATIK","TRAMODOL HCL TABLETS 50MG","RMG-100L-2-PVII","RMG-100L-2-PVII","2024-12-05 02:04:15.6170000","STOP",,,,"2024-12-05 07:34:12"
292,,,,,,,";CO MILL SEAL PRESSURE ERROR",,"TRIAL","NA","0","NA","NA","RMG-100L-2-PVII","RMG-100L-2-PVII","2024-09-17 16:45:48.5480000","STOP",,,,"2024-09-17 22:15:46"
132,,,,,,,";MAIN AIR PURGING MIN",,"NA","NA","1","NA","TRAIL","RMG-100L-2-PVII","RMG-100L-2-PVII","2024-05-18 04:14:25.3550000","STOP",,,,"2024-05-18 09:44:23"
466,,,,,,,";DISCHARGE NOT CLOSED",,"TIP24003","22.00   KG","0","PRATIK","TRAMODOL HCL TABLETS 50MG","RMG-100L-2-PVII","RMG-100L-2-PVII","2024-12-05 02:04:45.4030000","STOP",,,,"2024-12-05 07:34:42"
293,,,,,,,";CO MILL SEAL PRESSURE ERROR",,"TRIAL","NA","0","NA","NA","RMG-100L-2-PVII","RMG-100L-2-PVII","2024-09-17 16:46:18.5480000","STOP",,,,"2024-09-17 22:16:16"
133,,,,,,,";MAIN AIR PURGING MIN",,"NA","NA","1","NA","TRAIL","RMG-100L-2-PVII","RMG-100L-2-PVII","2024-05-18 04:14:55.3030000","STOP",,,,"2024-05-18 09:44:53"
467,,,,,,,";DISCHARGE NOT CLOSED",,"TIP24003","22.00   KG","0","PRATIK","TRAMODOL HCL TABLETS 50MG","RMG-100L-2-PVII","RMG-100L-2-PVII","2024-12-05 02:05:15.5240000","STOP",,,,"2024-12-05 07:35:12"
294,,,,,,,";CO MILL SEAL PRESSURE ERROR",,"TRIAL","NA","0","NA","NA","RMG-100L-2-PVII","RMG-100L-2-PVII","2024-09-17 16:46:48.5080000","STOP",,,,"2024-09-17 22:16:46"
134,,,,,,,";MAIN AIR PURGING MIN",,"NA","NA","1","NA","TRAIL","RMG-100L-2-PVII","RMG-100L-2-PVII","2024-05-18 04:15:25.3280000","STOP",,,,"2024-05-18 09:45:23"
295,,,,,,,";CO MILL SEAL PRESSURE ERROR",,"TRIAL","NA","0","NA","NA","RMG-100L-2-PVII","RMG-100L-2-PVII","2024-09-17 16:47:18.5160000","STOP",,,,"2024-09-17 22:17:16"
468,,,,,,,";DISCHARGE NOT CLOSED",,"TIP24003","22.00   KG","0","PRATIK","TRAMODOL HCL TABLETS 50MG","RMG-100L-2-PVII","RMG-100L-2-PVII","2024-12-05 02:05:45.4150000","STOP",,,,"2024-12-05 07:35:42"
135,,,,,,,";MAIN AIR PURGING MIN",,"NA","NA","1","NA","TRAIL","RMG-100L-2-PVII","RMG-100L-2-PVII","2024-05-18 04:15:55.3870000","STOP",,,,"2024-05-18 09:45:53"
296,,,,,,,";CO MILL SEAL PRESSURE ERROR",,"TRIAL","NA","0","NA","NA","RMG-100L-2-PVII","RMG-100L-2-PVII","2024-09-17 16:51:48.6290000","STOP",,,,"2024-09-17 22:21:46"
136,,,,,,,";MAIN AIR PURGING MIN",,"NA","NA","1","NA","TRAIL","RMG-100L-2-PVII","RMG-100L-2-PVII","2024-05-18 04:16:25.4030000","STOP",,,,"2024-05-18 09:46:23"
469,,,,,,,";DISCHARGE NOT CLOSED",,"TIP24003","22.00   KG","0","PRATIK","TRAMODOL HCL TABLETS 50MG","RMG-100L-2-PVII","RMG-100L-2-PVII","2024-12-05 02:06:15.5620000","STOP",,,,"2024-12-05 07:36:12"
297,,,,,,,";CO MILL SEAL PRESSURE ERROR",,"TRIAL","NA","0","NA","NA","RMG-100L-2-PVII","RMG-100L-2-PVII","2024-09-17 16:52:18.6130000","STOP",,,,"2024-09-17 22:22:16"
137,,,,,,,";MAIN AIR PURGING MIN",,"NA","NA","1","NA","TRAIL","RMG-100L-2-PVII","RMG-100L-2-PVII","2024-05-18 04:16:55.5150000","STOP",,,,"2024-05-18 09:46:53"
470,,,,,,,";DISCHARGE NOT CLOSED",,"TIP24003","22.00   KG","0","PRATIK","TRAMODOL HCL TABLETS 50MG","RMG-100L-2-PVII","RMG-100L-2-PVII","2024-12-05 02:06:45.4560000","STOP",,,,"2024-12-05 07:36:42"
298,,,,,,,";CO MILL SEAL PRESSURE ERROR",,"TRIAL","NA","0","NA","NA","RMG-100L-2-PVII","RMG-100L-2-PVII","2024-09-17 16:52:48.6500000","STOP",,,,"2024-09-17 22:22:46"
138,,,,,,,";MAIN AIR PURGING MIN",,"NA","NA","1","NA","TRAIL","RMG-100L-2-PVII","RMG-100L-2-PVII","2024-05-18 04:17:25.5740000","STOP",,,,"2024-05-18 09:47:23"
471,,,,,,,";CHOPPER AIR PURGING MIN;MAIN AIR PURGING MIN",,"TIP24004","18. 00KG","0","BALKRISHNA","IMIPRAMINE 25 MG TABLETS","RMG-100L-2-PVII","RMG-100L-2-PVII","2025-01-09 06:49:24.4170000","STOP",,,,"2025-01-09 12:19:22"
299,,,,,,,";CO MILL SEAL PRESSURE ERROR",,"TRIAL","NA","0","NA","NA","RMG-100L-2-PVII","RMG-100L-2-PVII","2024-09-17 16:53:18.6570000","STOP",,,,"2024-09-17 22:23:16"
139,,,,,,,";MAIN AIR PURGING MIN",,"NA","NA","1","NA","TRAIL","RMG-100L-2-PVII","RMG-100L-2-PVII","2024-05-18 04:17:55.5980000","STOP",,,,"2024-05-18 09:47:53"
300,,,,,,,";CO MILL SEAL PRESSURE ERROR",,"TRIAL","NA","0","NA","NA","RMG-100L-2-PVII","RMG-100L-2-PVII","2024-09-17 16:53:48.6480000","STOP",,,,"2024-09-17 22:23:46"
140,,,,,,,";MAIN AIR PURGING MIN",,"NA","NA","1","NA","TRAIL","RMG-100L-2-PVII","RMG-100L-2-PVII","2024-05-18 04:18:25.3740000","STOP",,,,"2024-05-18 09:48:23"
472,,,,,,,";CHOPPER AIR PURGING MIN;DISCHARGE NOT CLOSED;MAIN AIR PURGING MIN",,"TIP24004","18. 00KG","0","BALKRISHNA","IMIPRAMINE 25 MG TABLETS","RMG-100L-2-PVII","RMG-100L-2-PVII","2025-01-09 08:44:27.0690000","STOP",,,,"2025-01-09 14:14:24"
301,,,,,,,";CO MILL SEAL PRESSURE ERROR",,"TRIAL","NA","0","NA","NA","RMG-100L-2-PVII","RMG-100L-2-PVII","2024-09-17 16:54:18.6160000","STOP",,,,"2024-09-17 22:24:16"
141,,,,,,,";MAIN AIR PURGING MIN",,"NA","NA","1","NA","TRAIL","RMG-100L-2-PVII","RMG-100L-2-PVII","2024-05-18 04:18:55.3830000","STOP",,,,"2024-05-18 09:48:53"
473,,,,,,,";DISCHARGE NOT CLOSED",,"7MM9025002","23.00   KG","0","PRATIK","KRISOMCB-90%","RMG-100L-2-PVII","RMG-100L-2-PVII","2025-01-16 11:53:38.7920000","STOP",,,,"2025-01-16 17:23:35"
302,,,,,,,";CO MILL SEAL PRESSURE ERROR",,"TRIAL","NA","0","NA","NA","RMG-100L-2-PVII","RMG-100L-2-PVII","2024-09-17 16:54:48.6280000","STOP",,,,"2024-09-17 22:24:46"
142,,,,,,,";MAIN AIR PURGING MIN",,"NA","NA","1","NA","TRAIL","RMG-100L-2-PVII","RMG-100L-2-PVII","2024-05-18 04:19:25.4260000","STOP",,,,"2024-05-18 09:49:23"
474,,,,,,,";CO MILL SEAL PRESSURE ERROR;DISCHARGE NOT CLOSED",,"7MM9025002","23.00   KG","0","PRATIK","KRISOMCB-90%","RMG-100L-2-PVII","RMG-100L-2-PVII","2025-01-18 01:08:44.7300000","STOP",,,,"2025-01-18 06:38:42"
143,,,,,,,";MAIN AIR PURGING MIN",,"NA","NA","1","NA","TRAIL","RMG-100L-2-PVII","RMG-100L-2-PVII","2024-05-18 05:03:26.0960000","STOP",,,,"2024-05-18 10:33:24"
303,,,,,,,";CO MILL SEAL PRESSURE ERROR",,"TRIAL","NA","0","NA","NA","RMG-100L-2-PVII","RMG-100L-2-PVII","2024-09-17 16:55:18.6610000","STOP",,,,"2024-09-17 22:25:16"
475,,,,,,,";PRODUCT TEMP ALM",,"7MM9025003","23.000  KG","0","KRISHNA","KRISOMCB-90%","RMG-100L-2-PVII","RMG-100L-2-PVII","2025-01-18 08:29:51.1960000","STOP",,,,"2025-01-18 13:59:48"
144,,,,,,,";MAIN AIR PURGING MIN",,"NA","NA","1","NA","TRAIL","RMG-100L-2-PVII","RMG-100L-2-PVII","2024-05-18 05:03:56.1270000","STOP",,,,"2024-05-18 10:33:54"
304,,,,,,,";CO MILL SEAL PRESSURE ERROR",,"TRIAL","NA","0","NA","NA","RMG-100L-2-PVII","RMG-100L-2-PVII","2024-09-17 16:55:48.7330000","STOP",,,,"2024-09-17 22:25:46"
476,,,,,,,";PRODUCT TEMP ALM",,"7MM9025003","23.000  KG","0","KRISHNA","KRISOMCB-90%","RMG-100L-2-PVII","RMG-100L-2-PVII","2025-01-18 08:30:21.4290000","STOP",,,,"2025-01-18 14:00:18"
145,,,,,,,";MAIN AIR PURGING MIN",,"NA","NA","1","NA","TRAIL","RMG-100L-2-PVII","RMG-100L-2-PVII","2024-05-18 05:04:26.1510000","STOP",,,,"2024-05-18 10:34:24"
305,,,,,,,";CO MILL SEAL PRESSURE ERROR",,"TRIAL","NA","0","NA","NA","RMG-100L-2-PVII","RMG-100L-2-PVII","2024-09-17 16:56:18.6620000","STOP",,,,"2024-09-17 22:26:16"
477,,,,,,,";PRODUCT TEMP ALM",,"7MM9025003","23.000  KG","0","KRISHNA","KRISOMCB-90%","RMG-100L-2-PVII","RMG-100L-2-PVII","2025-01-18 08:30:51.2310000","STOP",,,,"2025-01-18 14:00:49"
146,,,,,,,";MAIN AIR PURGING MIN",,"NA","NA","1","NA","TRAIL","RMG-100L-2-PVII","RMG-100L-2-PVII","2024-05-18 05:04:56.1360000","STOP",,,,"2024-05-18 10:34:54"
306,,,,,,,";CO MILL SEAL PRESSURE ERROR",,"TRIAL","NA","0","NA","NA","RMG-100L-2-PVII","RMG-100L-2-PVII","2024-09-17 16:56:48.6880000","STOP",,,,"2024-09-17 22:26:46"
478,,,,,,,";PRODUCT TEMP ALM",,"7MM9025003","23.0 KG","0","KRISHNA","KRISOMCB-90%","RMG-100L-2-PVII","RMG-100L-2-PVII","2025-01-18 08:31:21.2800000","STOP",,,,"2025-01-18 14:01:18"
147,,,,,,,";MAIN AIR PURGING MIN",,"NA","NA","1","NA","TRAIL","RMG-100L-2-PVII","RMG-100L-2-PVII","2024-05-18 05:05:26.1960000","STOP",,,,"2024-05-18 10:35:24"
307,,,,,,,";CO MILL SEAL PRESSURE ERROR",,"TRIAL","NA","0","NA","NA","RMG-100L-2-PVII","RMG-100L-2-PVII","2024-09-17 16:57:18.6690000","STOP",,,,"2024-09-17 22:27:16"
479,,,,,,,";PRODUCT TEMP ALM",,"7MM9025003","23.0 KG","0","KRISHNA","KRISOMCB-90%","RMG-100L-2-PVII","RMG-100L-2-PVII","2025-01-18 08:33:51.2920000","START",,,,"2025-01-18 14:03:49"
148,,,,,,,";MAIN AIR PURGING MIN",,"NA","NA","1","NA","TRAIL","RMG-100L-2-PVII","RMG-100L-2-PVII","2024-05-18 05:06:56.2140000","STOP",,,,"2024-05-18 10:36:54"
308,,,,,,,";CO MILL SEAL PRESSURE ERROR",,"TRIAL","NA","0","NA","NA","RMG-100L-2-PVII","RMG-100L-2-PVII","2024-09-17 16:57:48.7290000","STOP",,,,"2024-09-17 22:27:46"
480,,,,,,,";PRODUCT TEMP ALM",,"7MM9025003","23.0 KG","0","KRISHNA","KRISOMCB-90%","RMG-100L-2-PVII","RMG-100L-2-PVII","2025-01-18 08:34:21.2350000","START",,,,"2025-01-18 14:04:19"
149,,,,,,,";MAIN AIR PURGING MIN",,"NA","NA","1","NA","TRAIL","RMG-100L-2-PVII","RMG-100L-2-PVII","2024-05-18 05:07:26.2110000","STOP",,,,"2024-05-18 10:37:24"
309,,,,,,,";CO MILL SEAL PRESSURE ERROR",,"TRIAL","NA","0","NA","NA","RMG-100L-2-PVII","RMG-100L-2-PVII","2024-09-17 16:58:18.7090000","STOP",,,,"2024-09-17 22:28:16"
150,,,,,,,";MAIN AIR PURGING MIN",,"NA","NA","1","NA","TRAIL","RMG-100L-2-PVII","RMG-100L-2-PVII","2024-05-18 05:07:56.2150000","STOP",,,,"2024-05-18 10:37:54"
481,,,,,,,";PRODUCT TEMP ALM",,"7MM9025003","23.0 KG","0","KRISHNA","KRISOMCB-90%","RMG-100L-2-PVII","RMG-100L-2-PVII","2025-01-18 08:34:51.2500000","START",,,,"2025-01-18 14:04:49"
310,,,,,,,";CO MILL SEAL PRESSURE ERROR",,"TRIAL","NA","0","NA","NA","RMG-100L-2-PVII","RMG-100L-2-PVII","2024-09-17 16:58:48.7170000","STOP",,,,"2024-09-17 22:28:46"
151,,,,,,,";MAIN AIR PURGING MIN",,"NA","NA","1","NA","TRAIL","RMG-100L-2-PVII","RMG-100L-2-PVII","2024-05-18 05:08:26.2460000","STOP",,,,"2024-05-18 10:38:24"
482,,,,,,,";PRODUCT TEMP ALM",,"7MM9025003","23.0 KG","0","KRISHNA","KRISOMCB-90%","RMG-100L-2-PVII","RMG-100L-2-PVII","2025-01-18 08:35:21.2630000","START",,,,"2025-01-18 14:05:19"
311,,,,,,,";CO MILL SEAL PRESSURE ERROR",,"TRIAL","NA","0","NA","NA","RMG-100L-2-PVII","RMG-100L-2-PVII","2024-09-17 16:59:18.7220000","STOP",,,,"2024-09-17 22:29:16"
152,,,,,,,";MAIN AIR PURGING MIN",,"NA","NA","1","NA","TRAIL","RMG-100L-2-PVII","RMG-100L-2-PVII","2024-05-18 05:08:56.1880000","STOP",,,,"2024-05-18 10:38:54"
483,,,,,,,";PRODUCT TEMP ALM",,"7MM9025003","23.0 KG","0","KRISHNA","KRISOMCB-90%","RMG-100L-2-PVII","RMG-100L-2-PVII","2025-01-18 08:35:51.2940000","START",,,,"2025-01-18 14:05:49"
312,,,,,,,";CO MILL SEAL PRESSURE ERROR",,"TRIAL","NA","0","NA","NA","RMG-100L-2-PVII","RMG-100L-2-PVII","2024-09-17 16:59:48.7060000","STOP",,,,"2024-09-17 22:29:46"
153,,,,,,,";MAIN AIR PURGING MIN",,"NA","NA","1","NA","TRAIL","RMG-100L-2-PVII","RMG-100L-2-PVII","2024-05-18 05:09:26.2130000","STOP",,,,"2024-05-18 10:39:24"
484,,,,,,,";PRODUCT TEMP ALM",,"7MM9025003","23.0 KG","0","KRISHNA","KRISOMCB-90%","RMG-100L-2-PVII","RMG-100L-2-PVII","2025-01-18 08:36:21.2850000","START",,,,"2025-01-18 14:06:19"
313,,,,,,,";CO MILL SEAL PRESSURE ERROR",,"TRIAL","NA","0","NA","NA","RMG-100L-2-PVII","RMG-100L-2-PVII","2024-09-17 17:00:18.7750000","STOP",,,,"2024-09-17 22:30:16"
154,,,,,,,";MAIN AIR PURGING MIN",,"NA","NA","1","NA","TRAIL","RMG-100L-2-PVII","RMG-100L-2-PVII","2024-05-18 05:09:56.2160000","STOP",,,,"2024-05-18 10:39:54"
485,,,,,,,";PRODUCT TEMP ALM",,"7MM9025003","23.0 KG","0","KRISHNA","KRISOMCB-90%","RMG-100L-2-PVII","RMG-100L-2-PVII","2025-01-18 08:36:51.2940000","START",,,,"2025-01-18 14:06:49"
314,,,,,,,";CO MILL SEAL PRESSURE ERROR",,"TRIAL","NA","0","NA","NA","RMG-100L-2-PVII","RMG-100L-2-PVII","2024-09-17 17:00:48.7530000","STOP",,,,"2024-09-17 22:30:46"
155,,,,,,,";MAIN AIR PURGING MIN",,"NA","NA","1","NA","TRAIL","RMG-100L-2-PVII","RMG-100L-2-PVII","2024-05-18 05:10:26.2680000","STOP",,,,"2024-05-18 10:40:24"
486,,,,,,,";PRODUCT TEMP ALM",,"7MM9025003","23.0 KG","0","KRISHNA","KRISOMCB-90%","RMG-100L-2-PVII","RMG-100L-2-PVII","2025-01-18 08:37:21.3970000","START",,,,"2025-01-18 14:07:19"
315,,,,,,,";CO MILL SEAL PRESSURE ERROR",,"TRIAL","NA","0","NA","NA","RMG-100L-2-PVII","RMG-100L-2-PVII","2024-09-17 17:01:18.7600000","STOP",,,,"2024-09-17 22:31:16"
156,,,,,,,";MAIN AIR PURGING MIN",,"NA","NA","1","NA","TRAIL","RMG-100L-2-PVII","RMG-100L-2-PVII","2024-05-18 05:10:56.2280000","STOP",,,,"2024-05-18 10:40:54"
487,,,,,,,";PRODUCT TEMP ALM",,"7MM9025003","23.0 KG","0","KRISHNA","KRISOMCB-90%","RMG-100L-2-PVII","RMG-100L-2-PVII","2025-01-18 08:37:51.3270000","STOP",,,,"2025-01-18 14:07:49"
316,,,,,,,";CO MILL SEAL PRESSURE ERROR",,"TRIAL","NA","0","NA","NA","RMG-100L-2-PVII","RMG-100L-2-PVII","2024-09-17 17:01:48.7390000","STOP",,,,"2024-09-17 22:31:46"
157,,,,,,,";MAIN AIR PURGING MIN",,"NA","NA","1","NA","TRAIL","RMG-100L-2-PVII","RMG-100L-2-PVII","2024-05-18 05:11:26.2660000","STOP",,,,"2024-05-18 10:41:24"
317,,,,,,,";CO MILL SEAL PRESSURE ERROR",,"TRIAL","NA","0","NA","NA","RMG-100L-2-PVII","RMG-100L-2-PVII","2024-09-17 17:02:18.7300000","STOP",,,,"2024-09-17 22:32:16"
488,,,,,,,";DISCHARGE NOT CLOSED",,"MIS25001","35.70KG","0","PRATIK","IBUPROFEN 200 MG AND PSEUDOEPHEDRINE HCL","RMG-100L-2-PVII","RMG-100L-2-PVII","2025-02-18 09:10:35.8300000","STOP",,,,"2025-02-18 14:40:33"
158,,,,,,,";MAIN AIR PURGING MIN",,"NA","NA","1","NA","TRAIL","RMG-100L-2-PVII","RMG-100L-2-PVII","2024-05-18 05:11:56.2310000","STOP",,,,"2024-05-18 10:41:54"
318,,,,,,,";CO MILL SEAL PRESSURE ERROR",,"TRIAL","NA","0","NA","NA","RMG-100L-2-PVII","RMG-100L-2-PVII","2024-09-17 17:02:48.7280000","STOP",,,,"2024-09-17 22:32:46"
159,,,,,,,";MAIN AIR PURGING MIN",,"NA","NA","1","NA","TRAIL","RMG-100L-2-PVII","RMG-100L-2-PVII","2024-05-18 05:12:26.2360000","STOP",,,,"2024-05-18 10:42:24"
489,,,,,,,";DISCHARGE FOR CLEANING",,"MIS25001","35.70KG","0","PRATIK","IBUPROFEN 200 MG AND PSEUDOEPHEDRINE HCL","RMG-100L-2-PVII","RMG-100L-2-PVII","2025-04-10 06:33:41.0880000","STOP",,,,"2025-04-10 12:03:39"
319,,,,,,,";CO MILL SEAL PRESSURE ERROR",,"TRIAL","NA","0","NA","NA","RMG-100L-2-PVII","RMG-100L-2-PVII","2024-09-17 17:03:18.9040000","STOP",,,,"2024-09-17 22:33:16"
160,,,,,,,";MAIN AIR PURGING MIN",,"NA","NA","1","NA","TRAIL","RMG-100L-2-PVII","RMG-100L-2-PVII","2024-05-18 05:12:56.2500000","STOP",,,,"2024-05-18 10:42:54"
490,,,,,,,";DISCHARGE FOR CLEANING",,"MIS25001","35.70KG","0","PRATIK","IBUPROFEN 200 MG AND PSEUDOEPHEDRINE HCL","RMG-100L-2-PVII","RMG-100L-2-PVII","2025-05-23 04:06:53.8140000","STOP",,,,"2025-05-23 09:36:52"
320,,,,,,,";CO MILL SEAL PRESSURE ERROR",,"TRIAL","NA","0","NA","NA","RMG-100L-2-PVII","RMG-100L-2-PVII","2024-09-17 17:03:48.7610000","STOP",,,,"2024-09-17 22:33:46"
161,,,,,,,";MAIN AIR PURGING MIN",,"NA","NA","1","NA","TRAIL","RMG-100L-2-PVII","RMG-100L-2-PVII","2024-05-18 05:13:26.2870000","STOP",,,,"2024-05-18 10:43:24"
321,,,,,,,";CO MILL SEAL PRESSURE ERROR",,"TRIAL","NA","0","NA","NA","RMG-100L-2-PVII","RMG-100L-2-PVII","2024-09-17 17:04:18.8140000","STOP",,,,"2024-09-17 22:34:16"
162,,,,,,,";MAIN AIR PURGING MIN",,"NA","NA","1","NA","TRAIL","RMG-100L-2-PVII","RMG-100L-2-PVII","2024-05-18 05:13:56.3270000","STOP",,,,"2024-05-18 10:43:54"
322,,,,,,,";CO MILL SEAL PRESSURE ERROR",,"TRIAL","NA","0","NA","NA","RMG-100L-2-PVII","RMG-100L-2-PVII","2024-09-17 17:04:48.7980000","STOP",,,,"2024-09-17 22:34:47"
163,,,,,,,";MAIN AIR PURGING MIN",,"NA","NA","1","NA","TRAIL","RMG-100L-2-PVII","RMG-100L-2-PVII","2024-05-18 05:14:26.2850000","STOP",,,,"2024-05-18 10:44:24"
323,,,,,,,";CO MILL SEAL PRESSURE ERROR",,"TRIAL","NA","0","NA","NA","RMG-100L-2-PVII","RMG-100L-2-PVII","2024-09-17 17:05:18.8000000","STOP",,,,"2024-09-17 22:35:17"
164,,,,,,,";MAIN AIR PURGING MIN",,"NA","NA","1","NA","TRAIL","RMG-100L-2-PVII","RMG-100L-2-PVII","2024-05-18 05:14:56.2740000","STOP",,,,"2024-05-18 10:44:54"
324,,,,,,,";CO MILL SEAL PRESSURE ERROR",,"TRIAL","NA","0","NA","NA","RMG-100L-2-PVII","RMG-100L-2-PVII","2024-09-17 17:05:48.8180000","STOP",,,,"2024-09-17 22:35:47"
325,,,,,,,";CO MILL SEAL PRESSURE ERROR",,"TRIAL","NA","0","NA","NA","RMG-100L-2-PVII","RMG-100L-2-PVII","2024-09-17 17:06:18.8400000","STOP",,,,"2024-09-17 22:36:17"
326,,,,,,,";CO MILL SEAL PRESSURE ERROR",,"TRIAL","NA","0","NA","NA","RMG-100L-2-PVII","RMG-100L-2-PVII","2024-09-17 17:06:48.8330000","STOP",,,,"2024-09-17 22:36:47"
327,,,,,,,";CO MILL SEAL PRESSURE ERROR",,"TRIAL","NA","0","NA","NA","RMG-100L-2-PVII","RMG-100L-2-PVII","2024-09-17 17:07:18.8210000","STOP",,,,"2024-09-17 22:37:17"
328,,,,,,,";CO MILL SEAL PRESSURE ERROR",,"TRIAL","NA","0","NA","NA","RMG-100L-2-PVII","RMG-100L-2-PVII","2024-09-17 17:07:48.8390000","STOP",,,,"2024-09-17 22:37:47"
